id_catalogo_condicion,nombre_condicion,tipo_condicion,descripcion
140b96fe-e92e-4224-b698-70268b874144,expedita,vehiculo,Illum facere exercitationem dignissimos.
82a909d2-2cc0-48e9-a42c-6eafa4f9652d,sit,carga,Nisi repellat nesciunt inventore hic.
dbbb5fbc-52c6-43cc-aab5-0aa523ea7bd1,est,conductor,Fuga minus nulla expedita suscipit aliquam qui.
50a953b7-fb68-44e5-8fae-f8011eccebcb,molestiae,documentacion,Voluptatem minima ipsam aut harum ullam.
fd3f7dc6-731c-43f5-981c-e4ceedaed6ec,accusamus,conductor,Animi debitis occaecati tenetur ad.
518437ac-68e9-49be-b676-422355fa3b68,veritatis,conductor,Maxime nobis voluptates.
1726aa95-c7ef-4daf-a7e3-db39563c646a,atque,carga,Rerum id commodi.
7f11777f-85c8-4fcc-a3f1-5f22a65c26e9,doloribus,carga,Enim aliquid placeat explicabo commodi molestias aspernatur laborum.
6f505da8-f7b1-49b9-b7cc-5002191547c7,voluptatem,vehiculo,Nemo sunt pariatur quod sit.
98b11a2d-eb4e-4342-92ec-7d927e621d5b,quas,ruta,Qui dicta adipisci nam hic sed explicabo.
1b0222fe-7687-4203-b20d-bb4ac7b36c42,est,conductor,Error accusamus quaerat ullam maxime maxime.
af16a691-c854-4699-b748-224b626b1693,sapiente,documentacion,Eos sit sunt ea.
0fa5dab7-c179-4e2d-90d7-12d91b6dcdaf,repellat,documentacion,Magni voluptatum sint voluptatum tempora suscipit recusandae.
6bc2a410-bcf1-47b7-a5ed-01f27e413b20,laborum,ruta,Nobis dolorum est in consectetur at.
cf886ad9-9cc4-4d3a-994c-41c52b4de230,saepe,ruta,Libero amet quisquam iure similique.
0c4a52da-cb9a-4755-a888-2e8380c1a81f,aut,ruta,Velit deleniti consequatur quisquam mollitia.
eb7a9063-84c1-4a59-ac38-bdcdf8e89c8e,nemo,documentacion,Maxime repellendus fugit harum officia cumque.
5db6814a-f2ee-4c54-b496-ab0fe363d34b,quam,vehiculo,Tenetur reprehenderit quaerat corporis recusandae illo repellendus.
7e282f14-53a7-4bb0-8202-a639665a8143,possimus,documentacion,Explicabo ad sed nostrum eum.
7bd3cb09-466f-4d15-bc69-2bc30f262639,error,carga,Dolores doloribus repellendus officiis aut cumque inventore.
a6b3c195-bc42-4fe8-a110-1a2faf2819a9,quo,ruta,Atque modi maxime commodi aspernatur.
dce8261b-9a82-4550-90e6-6238298579e1,unde,ruta,Quibusdam officiis delectus.
c898992b-b75f-4f6e-98c0-9a7173fc8626,fugiat,vehiculo,Reprehenderit molestiae veritatis ipsam iure vitae.
63ab7e95-1406-4c87-be02-d1d38c96aad9,blanditiis,conductor,Maiores placeat deserunt architecto.
7fbd3580-2b8a-4af6-89fb-fccc772730d3,explicabo,ruta,Molestiae quam expedita.
b6cdd22e-b96f-4746-99f4-5a6fd68621ec,libero,ruta,Asperiores quidem iste fuga.
f4d90464-f29b-408b-a4d9-243cb54c9abd,quasi,vehiculo,Assumenda praesentium neque sint harum dicta.
92bf5c0f-fed6-4329-9d21-30ed63ebdb56,excepturi,carga,Numquam laboriosam iste perferendis accusamus officia.
43f1f26b-f265-42d6-89ce-ad8c49189fe0,molestiae,conductor,Id neque in quas ipsam.
9a00424e-7413-4331-93ff-13cc70f8c251,ipsam,vehiculo,Nostrum pariatur quibusdam distinctio rem et.
e4220dfb-7cd4-464a-85f9-96bf657bd8ae,eius,ruta,Veritatis voluptatibus impedit eos.
c399179b-a82a-4161-adce-8317e6b9d8d5,aut,carga,Provident cum eveniet maiores aperiam hic doloremque.
942eb752-07e1-4e07-bf9d-bd5023c3f35b,repudiandae,conductor,Voluptatibus officia eligendi aperiam aut consectetur aperiam.
56d10cb3-6b72-4cbf-9fc4-81e3e4ee8203,quis,conductor,Illum facere numquam numquam perferendis.
36718274-f747-431f-85ae-58d1613ca7e1,porro,documentacion,Animi laborum eius quisquam ad natus.
4ea4b93b-015e-4db8-85c2-d81109ed637e,voluptates,ruta,Saepe consequuntur ipsa fugit quis.
24cf4101-0331-4632-bc4d-44c140269e21,magni,carga,Architecto mollitia earum modi temporibus voluptatem molestiae.
51c4e996-d321-4686-8831-68338679ab32,sequi,conductor,Sit adipisci magnam labore iste.
ac152a0f-2cb9-48fc-b009-858e680b8f40,aperiam,documentacion,Aut voluptas unde facilis odio aliquid esse velit.
ad93e656-1606-4aea-b45e-572d670736ea,suscipit,vehiculo,Aliquam fugiat unde iure aut sapiente quos.
a4d210ef-d5b8-435b-bb23-0b0dae4e1c46,doloribus,carga,Est numquam itaque.
5fe35449-6e45-4675-aa7f-1e5fa6126da5,eos,ruta,Itaque unde rerum quasi tempore in fugiat.
db7c4dc3-fef7-48ce-8429-24d7de151df6,amet,vehiculo,Fugit sequi dicta pariatur impedit nihil facilis.
b5bf4416-7be5-4faf-a700-125ab3e730ea,necessitatibus,vehiculo,Harum nobis ut laudantium exercitationem vero.
89d894de-05fb-4420-b4d9-1d3d78ab29f7,alias,vehiculo,Dolorem quo cupiditate corrupti vero pariatur.
dec8a370-f28d-41cc-a473-c95cd5158030,sint,conductor,Sit omnis porro saepe nesciunt.
190f4075-c6c7-45d8-8340-a53a4be77b6f,laborum,conductor,Reiciendis enim optio nihil.
8452fe8a-4a9b-4dd3-a40b-ed8d6c850a03,ea,documentacion,Provident temporibus voluptates vel.
7e69bba9-47a3-49bd-a396-fd2e06086264,eius,documentacion,Nam porro ipsum voluptatem cum possimus.
96e960a9-6207-494f-aa16-4f9c4f420a3d,laudantium,ruta,Aliquam nobis ad consectetur dicta architecto.
7925efe8-213c-4890-8e8c-90f56ceb4292,facilis,carga,Magnam harum veritatis odit sit.
108e2361-d39b-4a41-8d17-f0dab5ba6abf,alias,conductor,Occaecati neque officia aspernatur doloremque nesciunt adipisci.
205168a0-da33-428a-a4e7-f2f98f576931,eum,ruta,Vero debitis quos similique blanditiis a.
ff35929e-df0f-49cc-b0b4-b821764f34de,consequuntur,documentacion,Assumenda maiores in maxime soluta excepturi.
7d620988-b36b-472c-a754-11dbd590c5d6,est,documentacion,Possimus natus sed tenetur dolorem dolores natus.
68da4a0b-7da9-42d5-9767-c6197338715e,ratione,documentacion,Omnis fugiat a ut aliquam magnam aperiam.
642bcde5-687b-4870-a68f-af1e5164a8ef,eum,documentacion,Doloremque laboriosam quae vero accusantium.
9dc2605d-8931-4983-9c6f-99b2a8b2bd91,ullam,ruta,Quae inventore inventore est dicta nam molestias occaecati.
48771da7-e1be-4f55-a9d6-3d69991cfc3a,quos,vehiculo,Harum omnis esse voluptates architecto maiores.
1236483b-74fa-4e1e-bd02-1d456b9ba392,rem,vehiculo,Odit doloribus ut maiores necessitatibus.
04482b8c-2bb9-45f8-a55f-23678ad9061e,praesentium,documentacion,Excepturi facere dolores cumque vero ab.
35ed6620-be95-444e-b49c-db6e48f228fe,voluptates,documentacion,Doloribus dolores laboriosam iusto.
c934c7e4-544b-4d16-b60b-a718e7a7346a,at,vehiculo,Suscipit ex molestias at doloremque expedita sint autem.
9a32b347-84ba-4c7b-8779-fa698c05865b,voluptatem,ruta,Eius aspernatur quo perspiciatis officia dignissimos aperiam.
93712cd5-37c2-4fe0-aee9-a21c26acba05,tempore,documentacion,Impedit voluptatibus sint excepturi a nisi illum.
e4303a9c-b3b3-44dd-9b4d-6ec2ffcd3a8b,alias,vehiculo,Nemo vero vel at expedita id.
d786d3aa-9fb4-4e12-9641-f82be275c424,id,ruta,Tenetur pariatur aliquid ratione.
4ebaa45f-1188-4908-a8c7-2500c99c9e8e,quod,carga,Dicta quos rem rerum.
65e6c7ed-7b7a-4ed1-8216-dda82da389ff,expedita,documentacion,Alias nesciunt a optio magnam dicta quisquam quae.
279825e2-26f2-44f7-b911-7c3153a040da,nostrum,vehiculo,Tenetur et eos nisi nihil nobis.
4052ea27-20d9-4950-836e-8aa1915c6712,neque,documentacion,Incidunt similique velit.
8e5fcdf2-3051-44d2-aef2-97284c9624e9,ea,ruta,Dignissimos assumenda nam laboriosam autem.
d1cf8c8c-4757-4f89-a42b-fe3513b704dc,ratione,documentacion,Id quis libero aspernatur.
b75d57a6-8399-4f2a-ae92-1370643df1dc,temporibus,ruta,Repudiandae eligendi eos quia.
70a914c6-fe72-4a32-ac72-dde9fdf86767,dolorem,documentacion,Voluptate nam eos labore totam laudantium voluptates rem.
b6bea07d-1f43-4396-bc47-3f3adf2c405a,tenetur,documentacion,At sed similique distinctio.
e8827ab8-2b6f-4537-a49c-20c462040ff2,odit,vehiculo,Harum aliquam libero omnis voluptatibus ad reprehenderit repellendus.
bc159353-bbb9-4ab5-94e9-3b7efc9df61d,rem,conductor,Fugit debitis assumenda aperiam magni labore sapiente.
807469c4-e332-463c-b588-f091729468fa,voluptas,vehiculo,Nostrum distinctio iste ducimus doloribus possimus.
72c65ca3-02cd-4448-bcdd-cbd4c26175eb,ex,vehiculo,Consequuntur dolorum enim.
e508e1d5-6b55-4edb-90fd-b2b7828917a6,consequatur,vehiculo,Aspernatur eveniet odit sint inventore odit blanditiis.
7788f603-e49c-479b-b663-9ef79c851d8a,perferendis,carga,Quis aliquam nobis libero molestiae esse architecto aliquid.
63b5c50c-6173-4b13-8f06-94f656902167,harum,ruta,Dolore corporis facere tempore modi vero.
c7a43fc1-b2a9-48f3-b82b-649c251b5111,ab,documentacion,Consectetur enim eos aspernatur optio vel.
d8ac916a-8688-42d6-aedb-223e0e209317,officiis,vehiculo,Ullam culpa temporibus odio.
c5644ae7-2751-4755-9b7b-4ea68589a34f,rerum,conductor,A illum adipisci exercitationem fuga corrupti quos.
7b0d8cd3-8130-4b94-8fe3-7cca1a2af579,culpa,documentacion,Odio aliquid sunt aspernatur autem distinctio.
f70b23a7-8407-4993-aabc-7b975b4478df,doloremque,carga,Fugiat dolor quos adipisci suscipit.
66ccded8-7e78-425f-8ca5-6e0e904e2b02,laudantium,ruta,Velit quidem quisquam ipsa deserunt laboriosam.
34cd61f1-1f32-474f-8942-feadea2aadcb,praesentium,vehiculo,Nam dignissimos rerum voluptatem alias animi rem.
e4552fb2-43f6-428e-8730-5da591b65209,laborum,vehiculo,Ipsa eaque temporibus magnam.
c6b49c51-8b47-45c2-bca0-3233564ff494,est,vehiculo,Unde aspernatur dignissimos eius odit accusantium.
755dafb8-d296-4791-a818-93e55b3bd6d6,odit,documentacion,Provident maxime excepturi doloribus veniam odit magnam.
b07cc1bd-f8da-4915-8d51-bd22019220e9,facilis,ruta,Nobis natus minima in fugiat corporis.
791173a7-477d-4e30-bc75-a10a54887de4,odit,conductor,Consequatur ut sed fugit quibusdam aperiam nemo aliquid.
e272385b-4f40-43e0-b4b8-e713cf972d81,illo,conductor,Accusantium nisi unde officia.
f023b9c2-60ad-4ec0-bb15-e544e54e1a28,illo,documentacion,Facilis maiores autem illum dolore.
26c4106e-c455-4fd7-9569-98d2f67e6835,nobis,documentacion,Blanditiis fugit nam amet officia veritatis eveniet.
65f53aa8-eb12-4baf-a3e3-0715d3c80a49,facilis,ruta,Ab repellat dolor sint.
00c1e557-116d-455c-b61a-594bda1167ea,perspiciatis,vehiculo,Aperiam molestiae nihil eligendi.
33b7c454-185f-429f-b079-1c6585efd883,minima,ruta,Quibusdam ex perspiciatis nisi.
3380c2a0-f893-4dc6-a71e-d08bb03afc60,distinctio,conductor,Corrupti ex laboriosam aspernatur.
d8358f86-1795-4749-863a-d3e90ab05c86,possimus,ruta,Vitae sapiente deleniti quibusdam suscipit cumque odit.
db39aabe-5990-4a81-a4ad-56c3ce2ddcd5,amet,documentacion,Magnam in maxime nisi provident.
c69dcb4b-5a29-4896-bbea-3e9abcc84065,consequatur,ruta,Quidem dignissimos modi voluptatum error quis veritatis.
a5bb875c-66ad-41f2-a140-c4b4fa949e43,consequuntur,ruta,Vero cupiditate tenetur explicabo ratione quibusdam.
3aea9e8e-2fb3-4afd-8e65-62f335fd1bfc,exercitationem,documentacion,Dolorem est hic id inventore voluptatibus.
d2bed165-5357-48a4-879a-8f15954874ef,sit,ruta,Nesciunt incidunt soluta tempore sed.
4b16d0fd-1aee-47c8-b154-b9c0111b03c7,doloremque,ruta,Alias distinctio est deserunt non itaque adipisci.
27d2b3ce-bbfa-4482-9a4a-81da1564abea,maxime,conductor,Optio vitae aliquid alias.
fb36443c-1f06-4a2a-89eb-49ebae352b69,quia,vehiculo,Corporis cupiditate aspernatur.
5369d72c-fa11-422e-afcd-c71a48cf9a6c,perferendis,vehiculo,Impedit similique nesciunt perspiciatis amet eos nobis.
9305f2b5-7340-4141-9a42-cb71320bc201,illo,documentacion,Dolore sit dicta debitis rerum.
29064fde-efdb-4fae-a5cd-eae20b53787c,odit,documentacion,In nulla voluptates accusantium ab eveniet.
b83824e0-bdd5-4fbb-941e-ea1c12787ca4,blanditiis,documentacion,Maxime fugit dolores odit cum quis assumenda.
7ee1a8c9-9302-4cc6-a0bd-c6eca67b7771,veniam,vehiculo,In fugiat nemo officia.
048bf24d-f410-475e-ab2a-a77a10c28a80,iure,documentacion,Maxime accusamus assumenda commodi.
04225ae1-5ecb-40e7-a740-2f7684b2012e,assumenda,carga,Necessitatibus iste earum ullam dolor impedit expedita.
df8075e3-2c3d-4256-9481-15b5232fa77e,et,documentacion,Possimus reprehenderit ratione quia officia est commodi.
25abb5b0-6608-4636-a259-429e969decc7,reprehenderit,carga,Deserunt fuga harum est blanditiis officia repudiandae eveniet.
55630925-69d5-4d68-94a5-e294f54a222b,tempora,documentacion,In porro eos sed aut iusto.
84d93942-6253-4eb2-9543-1ed640d41bc3,quas,ruta,Beatae ex nam quos quod.
e88a8af4-f563-4693-837a-3354725b37a3,at,documentacion,Neque exercitationem et error.
54341bcb-ed23-4414-b925-361d5a7fa76c,non,documentacion,Ipsam dolor a molestiae.
8d680e81-2917-4dc0-8282-36dcad44025b,ab,conductor,Voluptate unde reiciendis.
30a18521-bbe3-40c5-9777-ce7a3661ffd2,ipsum,ruta,Consequatur quae eos est beatae inventore saepe.
9a140f41-efe4-47f9-9920-2e5a0de8430d,placeat,carga,Ut ratione voluptatum et voluptatum repellat nemo ex.
5e7e26a3-9d1b-45a4-af7c-615071a8a04b,est,conductor,In reiciendis dignissimos dicta.
70ae244e-1f0c-4208-b30b-3a5c834955f1,earum,documentacion,Reprehenderit ex quis explicabo aspernatur deserunt.
d928f386-590c-4741-9238-8464cbc1a60f,id,ruta,Perferendis minima numquam sed.
10a37c37-d2d4-4297-a8cf-5c828752b6e5,delectus,vehiculo,Alias error fugit magnam.
ff2cf801-1ff1-4670-a8b9-3c92dd09cf7b,natus,carga,Doloribus vitae aut sapiente animi ipsam.
319d6ec3-79f3-4460-8c32-75f86cbe0def,eius,conductor,Doloribus et hic corporis eaque facilis.
c13d5919-710e-428f-8238-2064c13da8bc,ipsam,ruta,Distinctio iste nihil totam.
fd0257f6-effa-4a64-86cb-88ea62d3c659,ratione,conductor,Nobis cum soluta ipsa laudantium minima adipisci.
f8a3f257-6f29-42a7-9786-5dd3f630277b,praesentium,conductor,Explicabo modi nostrum impedit ipsam corrupti.
72cc7aaf-67d2-47aa-b54b-7564dcecdd0e,quas,ruta,Amet quis quo quod vel voluptatibus laborum.
69b99499-9e23-42a1-9367-d45a978fbf70,dolorum,ruta,Quas est enim soluta ad maxime.
282bed1c-f6d0-4171-b695-d91a94ff3995,vel,conductor,Enim tempore sunt voluptatem.
e12e9df2-aea3-4a4d-bae6-2810358ec7c0,inventore,conductor,Totam libero veritatis natus fugit tempore explicabo.
f02153b0-3d8c-416a-87e3-47ab695f3e0d,ratione,vehiculo,Earum qui debitis eveniet non.
a790efa9-0058-4b33-b4c5-eca38c393ffe,pariatur,documentacion,Est minus voluptas placeat sit.
d6df0b90-b777-4728-b392-be296f0c9dce,ea,carga,Tempore consequatur quo itaque nostrum in.
b9fb214f-9485-4682-ba8c-666470c4e968,eum,vehiculo,Dolore quaerat corrupti et recusandae quos veniam.
3e9297b6-3ed6-4e75-b9b4-f54d3b572bcb,accusamus,conductor,Repellat reiciendis aut dignissimos quisquam.
c5569731-1b57-4154-adc2-8dea5de551bd,provident,documentacion,Natus omnis minus voluptatibus neque rerum.
8878644f-b9e2-42d6-8a85-63bf6a906d40,amet,documentacion,Recusandae aliquam laudantium temporibus.
bbb9c70f-b7ff-4e03-b4ae-cb62919286a5,impedit,ruta,Dolore distinctio recusandae quod quaerat distinctio.
5e734af5-1c2e-4519-ad95-3260a563dc86,nostrum,carga,Perspiciatis hic corrupti earum ab quos.
27418aed-218d-4f01-9d53-85524041b379,enim,conductor,Pariatur in unde error.
d0e14705-9776-4be8-955a-4967a739f8c6,non,conductor,Facere iste exercitationem doloremque commodi eum.
f8da3bb2-94f4-4486-8990-d37b810772dc,dolorum,documentacion,Natus at labore labore.
7d2263a0-b27c-44b6-9b28-d9a310df94b4,fuga,documentacion,Temporibus omnis corrupti sunt delectus iusto.
222fd426-9e4d-470e-8cac-c85ff0e65353,dolore,ruta,Fugiat ipsam eveniet sequi provident.
afdf15f9-4d59-4300-b0e5-d94da2d4c6d7,fugiat,carga,Iusto qui deleniti.
9cf72131-61ae-4a34-bcf7-fc691ae72f22,sed,conductor,Laudantium optio illo voluptas autem inventore.
3e9ce8e9-de15-4013-8d69-2c144dd7c2ed,molestiae,carga,Dolor quibusdam harum porro quo distinctio.
ba5a7c4c-368c-4f41-bf5b-5618b142178f,amet,conductor,Velit explicabo quasi maiores.
3e6bd308-4885-44d4-9959-ae649a262259,velit,documentacion,Ad assumenda exercitationem et minima quam vero quidem.
e70865e5-5be7-42d9-96b8-a43051be67f1,aperiam,carga,Possimus quo ullam occaecati.
e74cab86-d40b-4cab-890b-7f0f91cda236,ut,carga,Officia eos voluptates neque quisquam dolores vel.
7935c129-955b-4ff9-9489-9a1234537cea,autem,documentacion,Iusto sunt quaerat recusandae perferendis delectus.
5f602d1b-d11a-42da-8dc8-d3d4eeeb304d,sunt,conductor,Aperiam ex similique totam veniam.
e5d49394-aa6c-48df-bece-6d728d7f87d4,molestias,vehiculo,Blanditiis porro perferendis similique iure.
f63451d6-3a54-459f-b764-f1ebce95d72f,facere,conductor,Perferendis eaque aliquam recusandae vitae enim veritatis.
0891e659-5e64-4c36-952f-a007486a0256,quod,vehiculo,Eos deserunt error cum.
614d349b-aa1f-490c-9e94-32680efc9657,id,carga,Magni ab excepturi quo ex.
013857ce-ae10-4ed8-8da5-4e769bb8a222,ad,documentacion,Quisquam quos accusamus mollitia corrupti possimus repudiandae.
2d0ad67c-fe83-4074-8740-ad1bda82f623,nulla,ruta,Cupiditate rerum ut sint.
357cc4b1-e240-45b4-a33c-575e6084bfdf,temporibus,carga,Facere explicabo dolorem accusantium nemo.
a21c2892-85aa-4057-9fe8-eb214d10dbe1,nobis,carga,Atque repudiandae voluptate voluptatem atque corporis alias.
9e6d6e9c-d8d5-4c2e-8a15-c5236eb743a0,quibusdam,vehiculo,Consequatur nulla necessitatibus magnam cupiditate porro maiores.
8ac41323-6879-4d94-ac32-4fbcf5ce429c,amet,ruta,Qui velit dicta.
297e36d7-5d9f-482b-bf6c-660997ae5dac,perferendis,ruta,Ratione eveniet officiis vel qui quam.
18f9c2d7-6155-450f-bd36-92ec2de1d166,molestias,conductor,Temporibus laboriosam maxime.
ed7f337f-2037-479e-94d1-05db88970c67,iusto,ruta,Perspiciatis iure debitis laborum possimus.
b2668bfa-765e-445d-8f92-380e4ca2c617,qui,documentacion,Sunt soluta nisi quis sequi voluptate aut.
ded99c21-c375-4271-8635-66d4f31231cd,consequuntur,vehiculo,Debitis quibusdam veritatis dignissimos minus.
d2140bbb-08f2-407d-830a-852602f4448c,atque,carga,Omnis dolor voluptate maxime distinctio.
65ee58ed-f6f5-4dfd-91cb-305f96c4c61c,tempore,documentacion,Aliquam placeat quas debitis.
b4dc8e2f-1c75-4e63-a9d2-0e6db5a4be4d,odio,documentacion,Rem harum vel culpa iusto.
449a4bd5-e981-4521-be2c-86b8fec35798,commodi,ruta,Occaecati modi cumque minus.
b1532b4b-c531-4535-bf2c-be2b5f9eea86,quo,ruta,Commodi eligendi autem vero.
b36f37c5-f440-4d4f-baaa-1ad5bf17abea,accusantium,conductor,Quos facilis assumenda suscipit sequi ad.
c0b5d1f2-d464-4547-9860-3c504b6bf85e,atque,carga,Autem aliquam fuga illo.
09bc63d7-e98e-4489-9036-4501ebf7eb52,esse,documentacion,Reprehenderit illo laboriosam velit voluptatem.
4c7a1030-106e-45f1-99ff-da15fb9f985e,eveniet,vehiculo,Suscipit a eveniet facere veniam autem.
b4bbd74d-7e9a-4dd2-b879-3b29f0407bac,vel,conductor,Doloribus exercitationem quae reiciendis odit culpa rerum culpa.
7e7af2af-6268-41bb-b895-49f796ab6272,maxime,ruta,Qui assumenda debitis repellendus minus pariatur esse.
358cda7b-57df-4018-8254-553ee2b5b83b,molestias,carga,Voluptates unde tempore voluptas harum iste mollitia.
5a356648-cf8a-48ba-8f3d-d3d2410ed3a9,fugit,documentacion,Illum voluptas modi occaecati deleniti atque.
803b03ac-8e24-491b-9a0f-1b90a497cb59,sed,documentacion,Tempore veniam quia maiores veniam aspernatur cupiditate.
f609c029-7752-497d-89ef-d5cb0b3c7fee,doloremque,vehiculo,Nobis sit corrupti eaque corrupti.
dbb5d55e-d0b4-43be-bd8c-2773eeaba66f,tempora,vehiculo,Vel nulla accusamus.
32745bda-9c4d-40be-b042-32dcb94a94ac,fuga,documentacion,Corrupti tempore vero sunt.
882f548e-306e-42cf-907f-d8514de770c8,impedit,documentacion,Vel sequi molestiae quis.
e0e9270c-4662-46b4-8a0c-e03c17b9d20f,aliquam,vehiculo,Commodi odit ipsam sint ipsa facere ut voluptates.
e5ba5005-859d-4d65-8aab-cad195db42c4,nam,ruta,Dolores temporibus eveniet soluta.
86c2bbc2-4ffa-4b73-bcb5-59faf5ddf096,odit,carga,Ut quis quasi quod.
ff035ff3-0af9-436c-8d62-82a286a42426,tempora,vehiculo,Aut sunt modi pariatur consequuntur provident dicta cumque.
1cacc511-f74c-4e13-8691-02ad6dc59b68,odit,ruta,At labore commodi aperiam et at delectus.
9554cca0-a54a-4b81-a93e-36dadd34fbbe,iure,conductor,Quisquam doloribus ut repudiandae sed.
00780e00-acf7-44de-a288-abc131a06e94,reiciendis,carga,Deserunt labore voluptates ipsum non fuga optio sequi.
693bb1b1-1ace-444f-b414-b0b0d51ecd66,recusandae,conductor,Optio voluptatibus voluptatibus at eaque.
ddaf3eb6-1fb9-4be4-8466-074c9220fc93,nisi,vehiculo,Velit eligendi minima atque vero.
3deae81e-6f11-48c6-aff0-7da05c8d5324,sit,ruta,Provident sequi aspernatur quo ipsa labore tenetur.
b97847ad-e149-4a3d-8676-8465a4aadb43,quam,ruta,Fuga delectus ea culpa laboriosam illo a.
4b83ee2b-579a-475a-b2e4-78a3342e9414,unde,vehiculo,Quidem iste reprehenderit.
e978dc11-b565-43c3-9b10-7f5a63e9731e,hic,ruta,Officiis iste vitae fugit.
2640a0f9-8e8c-4804-ab85-87b386ecf611,eos,conductor,Suscipit totam ab quis molestiae provident sapiente.
aede16da-afbe-4e3b-a9a5-cfafbffc4eba,odio,conductor,Quibusdam nesciunt architecto praesentium necessitatibus laboriosam sed inventore.
e28a536b-40b6-4e45-85ea-4f022840118b,consequuntur,carga,Quia a esse distinctio.
dd85713d-82db-4ac1-b743-d05b3e199415,eos,ruta,Ipsa numquam tempore.
a22160ed-56bb-4264-9015-e483d2a3bf00,provident,documentacion,Repudiandae quo ducimus est sapiente.
74d80d48-57ce-4c8b-9183-42d095fbe40c,similique,vehiculo,Consequuntur voluptas repudiandae esse.
9a84586c-bc4d-4e74-8cec-15676edafa7f,officia,documentacion,Libero earum veritatis similique.
1d3766fa-44d6-4c01-a662-c3830ba1d8af,aliquam,conductor,Sint corrupti assumenda iste.
50e0b535-77a5-4d31-82ec-3bf37db12616,dolore,vehiculo,Placeat explicabo assumenda quibusdam.
2832e18f-3b0d-4852-b36a-10f55fa2781e,quibusdam,conductor,Magni perferendis suscipit culpa veritatis.
0e173164-281e-4139-8387-74698277519a,perferendis,ruta,Quas culpa dicta.
c006993f-f3f5-48b6-b75c-17ed27e22fb6,assumenda,ruta,Atque deserunt cupiditate debitis beatae unde sit.
26107850-e95e-4c4d-bdb7-1f7877d0da1f,magnam,documentacion,Hic assumenda nulla.
d50376fa-0cac-4a67-9cec-4eb9223a00b2,totam,carga,Unde voluptatem quibusdam.
3b0da80d-30c3-4041-8c84-a817d0a916da,ut,documentacion,Porro magnam esse mollitia facilis.
e0873a63-3b91-4fc7-ae3a-fbc0c3acce8f,impedit,vehiculo,Rerum iste labore doloribus soluta adipisci.
6465c437-e2ac-490b-9795-0d5700a502a3,adipisci,documentacion,Nemo tempore iusto maiores doloremque pariatur.
fca5a4e5-89be-4d4e-9b69-5c96c88e5258,voluptatum,conductor,Odit delectus commodi ea et.
53850be3-85f6-4798-b285-9688a9c46079,ex,vehiculo,Similique ex iste eum.
7544fb1f-abcd-4f69-8663-e6f73ecae0ff,error,documentacion,Esse perferendis esse sunt occaecati ad.
68dc8732-2ac4-494c-a66e-1a0565e3f778,nam,ruta,Suscipit culpa fugit doloremque.
3ca4f00d-4dc0-491b-860d-998a4c774c6b,reprehenderit,vehiculo,Qui non tempore minus.
38f4bb65-9740-4dd3-b6e9-6a3b17807a55,odit,documentacion,Ducimus neque deserunt eaque perferendis.
7d3cf32d-68a2-484e-afa1-e1f1d7aac9b5,doloribus,vehiculo,Adipisci pariatur natus corrupti.
e3c71038-3df3-4f8a-8e4c-d14621700f8c,aspernatur,conductor,Saepe aspernatur cupiditate sapiente reiciendis.
46f874a5-394a-4c92-9a72-42f8c31df9e8,nesciunt,carga,Perferendis magnam a aliquam dolores dolor.
f06e8f7b-9f5f-4cfb-83ef-4895ea4487db,praesentium,vehiculo,Vitae facere fuga dicta officia.
32209f08-32b2-4fba-9a72-e1f08874237f,aliquam,ruta,Voluptatem dolor fugiat ipsa autem cupiditate officia minima.
5d88ef12-fbc3-420b-afc7-a4b27c1a0f2c,possimus,documentacion,Id perspiciatis magni.
f520b9d2-43dd-413a-91f5-96b509696d6a,quidem,vehiculo,Fugit voluptas rem laborum dolor laboriosam enim.
d441959c-6985-4932-aab6-f56fbb870cf5,occaecati,documentacion,Ab id corporis ipsa veniam.
f543ff51-9c81-4ae3-ac8f-a7814e683b88,optio,carga,Itaque omnis accusamus asperiores.
81c0b222-1fe4-4727-a2a8-c6e3a00488a2,consectetur,carga,Pariatur assumenda voluptate dignissimos sit quod nisi.
7eb59ab5-dff4-47dc-b14b-299c4b140571,quos,conductor,Non fugit atque veniam nihil dolores quasi.
b4745d6e-4cee-422e-83f1-aa7254ba958a,quod,ruta,Quos occaecati rerum dolores dolor.
97b80259-277f-4e87-b6c9-e127c163bda9,consectetur,vehiculo,Voluptates maiores totam nesciunt vel.
d176a325-24f2-4206-9e95-a8396405e9b5,doloribus,ruta,Quo quia nam commodi suscipit totam.
993087bc-2d85-4ebf-9be0-299f9d888078,et,ruta,Libero id commodi ea ipsa.
c83815f9-3315-4b2f-8b70-2f196f9e6a4a,laboriosam,ruta,Officiis repellendus alias ex explicabo.
59e28a81-d59e-490a-953e-95a23e207c78,dolores,carga,Quae adipisci necessitatibus aperiam illo iste autem.
f5ec7e7f-99ed-4831-ada3-6051432bef5e,totam,documentacion,Quo id animi a neque.
7a812de8-549c-41fd-b1e3-eeed8b17b8a6,maiores,ruta,Nobis quidem dolores dolor.
0714d310-ac4e-43d6-be49-71dc59a2b8b2,ea,documentacion,Autem dicta temporibus nihil enim recusandae.
2aa79fa6-95f9-48d9-8f65-440cc584d153,inventore,ruta,Assumenda placeat maxime ea tempore eaque.
a5d4d00c-bc21-4727-8b04-216ac7960ed8,nobis,documentacion,Quaerat nesciunt expedita accusantium aliquid quidem nihil ipsam.
63a0f9a3-72fd-4791-8f3c-72e39672da33,nam,conductor,Fuga nisi accusantium esse perferendis in.
47c1a03f-b919-4656-b26f-399d7335c007,eligendi,vehiculo,Natus architecto ullam voluptatibus.
5602b175-2dd9-4d8f-874e-c47204c0889a,recusandae,ruta,Quia repudiandae ab adipisci delectus provident.
20780940-900d-42dc-bb2d-40bdff3bb46e,cum,conductor,Esse odit nemo eius facilis nesciunt.
73885248-f80d-42f4-86d4-642aa0b627cb,architecto,documentacion,Voluptas commodi dignissimos.
53946335-f18c-4b09-8f0e-5900ff0ab06b,iste,vehiculo,Atque recusandae nam.
d1a5c443-6d43-42cd-8549-c6ab1b5ff0a6,laudantium,documentacion,Modi sint velit.
26645f55-6b83-4d15-93cb-4fda897e5a14,placeat,documentacion,Accusamus asperiores voluptatibus quod ut.
7f392df9-2257-4cdd-adee-0b509f068e14,voluptatum,vehiculo,Doloremque itaque quos ut quibusdam iure blanditiis.
33913b04-a598-4b49-a71f-21a14b061206,mollitia,ruta,Minima similique praesentium ea aspernatur vitae sed.
8802d964-e929-47c8-9049-714f04a4e8d6,expedita,documentacion,Excepturi adipisci sunt enim mollitia incidunt soluta.
09a5fc66-8ad7-42b4-b254-d9432a5e7410,natus,vehiculo,Tenetur occaecati eos culpa eligendi cum officiis.
bf6c9e53-9a45-43fb-8a66-831b847efb1e,fugiat,vehiculo,Animi quae consectetur asperiores.
95f34565-d1b0-4918-aafa-97a458adf9e4,soluta,vehiculo,Velit quidem ex distinctio.
95508f20-c30e-41d6-86c3-233b2c78bcc5,dolores,documentacion,Quaerat laboriosam perspiciatis voluptatem incidunt accusamus.
778bc18f-893d-4ecd-83df-5e05dbcfdec8,accusamus,carga,Ducimus laboriosam impedit quos perferendis.
771d28bc-926f-474f-b122-a1e1e4fd1496,perferendis,conductor,Officiis culpa ab error fugit ex.
b15e2131-f7f0-4fb5-8f6c-219e24ad2728,illo,conductor,Minima provident magni occaecati labore.
4c0e895b-555f-494a-bf0c-d539acde5b7e,itaque,vehiculo,Sunt consequatur delectus dicta consequatur.
a66bbd48-4c82-4e47-bf4e-2441e7123ef7,quos,ruta,Nihil esse cum similique.
a41c2187-025e-454a-98b2-9bd7cfd745f1,impedit,conductor,Tempora impedit impedit labore nostrum corrupti aperiam.
1ed9415b-abf6-4cd0-9533-b2a9018b0416,soluta,documentacion,Rerum dolorum repellat ex asperiores molestias porro.
2be001f5-f4be-4d89-b796-b855a1f240b0,ipsa,conductor,Esse quaerat a quas.
1d463083-dd7c-4aaf-bda9-e0a841341230,praesentium,carga,Ipsa minus molestias aliquam tempore.
f1779d64-6b28-4115-a592-7c432ab36c90,enim,carga,Praesentium aspernatur beatae unde adipisci cum ipsam.
d080470d-6014-439a-bc91-97d93cf9324c,occaecati,conductor,Suscipit id totam adipisci.
8b544bdd-d0c2-4896-869a-fe76548c2a6a,voluptatibus,ruta,Beatae perferendis vel architecto nisi soluta dicta.
5886e46f-a60f-4881-adf2-3d5419c591e7,recusandae,conductor,Vero distinctio natus molestiae porro illo facilis nesciunt.
b50ab74b-bf4d-4d3a-82a3-7d406c625f1e,sequi,conductor,Natus nihil minima quae consequatur delectus accusamus.
ee88542d-6261-40a9-afb3-f2a8b913a759,tenetur,vehiculo,Temporibus omnis dolore nihil esse quae.
bc3fdecb-d2e2-4688-afcd-746e0b05cd5f,repellendus,documentacion,Repellendus quia fuga libero occaecati fugiat magni.
acab1147-57a7-40d4-acf8-0f4a24abbdca,voluptates,conductor,Perspiciatis amet molestiae quos cum tenetur unde.
e11e5fef-4148-469f-877d-80d1275e3b58,voluptates,conductor,Aspernatur dolores aspernatur hic.
20f4d399-7cfc-42c5-b8ae-493d85793c01,maxime,conductor,Possimus dolores rem nulla atque fugit.
4b57d138-befc-44b7-864a-cf1888852b64,eveniet,documentacion,Libero omnis quod a.
dcf4307f-c54a-4520-b9be-81b24307ff3f,quibusdam,ruta,Ad porro itaque fugit vitae fugit.
f551a9c0-8ce2-426f-98d1-65e56b1299de,sunt,carga,Veritatis nisi reprehenderit ab sunt quae dolorem.
b70d021b-4ce8-40b0-b386-fd1f33bd12f3,beatae,conductor,Earum perspiciatis minus cupiditate consequatur blanditiis quisquam cupiditate.
f3380a04-d92d-4fe1-be4b-19452389a203,nam,ruta,Veniam provident id molestiae.
241f3003-03ad-4b78-aa3c-635ff43d9ee0,facere,ruta,Earum laboriosam exercitationem deserunt reprehenderit harum.
e42c65e2-0432-4d3c-abee-b1f0b9808639,vitae,conductor,Ea odit iste expedita ipsum omnis.
238f3063-6c88-4229-ab3c-d154709b47b3,occaecati,vehiculo,Asperiores possimus ipsam molestiae.
df0240ec-6c11-4123-86dc-efb647c0c1f6,soluta,documentacion,Quo sapiente consequuntur deserunt non eaque inventore.
55cd0288-ebf9-4193-aa89-f848419b94e7,provident,documentacion,Similique at itaque blanditiis iste beatae.
1c512cb2-1e6e-4005-9f61-90d65ccdd97d,autem,vehiculo,Eos accusantium voluptatem placeat itaque nostrum sapiente.
0c6cd47e-528d-47cf-bb19-d04846bd01bb,quod,carga,Suscipit deleniti totam non aliquam voluptatem.
