id_punto_entrega,nombre_punto,tipo_punto,coordenada_punto,fecha_creacion,fecha_actualizacion,zona,horario_atencion
ecf7af2d-adc1-4d74-b30d-72e126939c81,"Terminal 1 - P5F2+CCF, Lurín 15823, Peru",terminal,"(-76.848225,-12.276891)",2025-06-05T00:07:50.524531,2025-06-05T00:07:50.524531,Lurín,8:00 a.m. - 6:00 p.m.
992fde67-0430-4cc8-9153-2bdf6d70ad8c,"Terminal 2 - P322+WH Lurin, Peru",terminal,"(-76.948594,-12.297661)",2025-06-05T00:07:50.641053,2025-06-05T00:07:50.641053,sin_zona,8:00 a.m. - 6:00 p.m.
5df247f6-73eb-42d6-bbab-11b401498bf0,"Cliente Conectado 3 - 74J9+MQ Carabayllo, Peru",cliente,"(-76.88061,-11.718361)",2025-06-05T00:07:50.774107,2025-06-05T00:07:50.774107,Carabayllo,8:00 a.m. - 6:00 p.m.
18c75348-da80-4468-b5e4-f165dfd6551e,"Cliente Conectado 4 - VV3R+39 San Miguel, Peru",cliente,"(-77.109121,-12.147339)",2025-06-05T00:07:50.887052,2025-06-05T00:07:50.887052,sin_zona,8:00 a.m. - 6:00 p.m.
3e44dcfc-1a2a-4be7-9ef2-753dd17104bb,"Cliente Conectado 5 - QXFM+MJ Chorrillos, Peru",cliente,"(-77.015993,-12.225783)",2025-06-05T00:07:51.039950,2025-06-05T00:07:51.039950,sin_zona,8:00 a.m. - 6:00 p.m.
8be64eea-d053-4641-9522-d4a03129732c,"Cliente Conectado 6 - 4VV3+94M, Ventanilla 07071, Peru",cliente,"(-77.147816,-11.857704)",2025-06-05T00:07:51.156150,2025-06-05T00:07:51.156150,sin_zona,8:00 a.m. - 6:00 p.m.
559a0ff4-c742-4d79-8f92-1c9f5543bda8,"Cliente Conectado 7 - X4PJ+G3Q, Av. Colectora, Ate 15487, Peru",cliente,"(-76.869507,-12.013477)",2025-06-05T00:07:51.268691,2025-06-05T00:07:51.268691,sin_zona,8:00 a.m. - 6:00 p.m.
bad078c6-b810-4bc5-9c24-df51e7dbb76c,Cliente Conectado 8 - 57V5H24P+52,cliente,"(-76.96499,-12.444611)",2025-06-05T00:07:51.366294,2025-06-05T00:07:51.366294,sin_zona,8:00 a.m. - 6:00 p.m.
f4ad5805-d80e-4d8d-b0d6-192c3ac6e95c,"Cliente Conectado 9 - J3PQ+WM Lurin, Peru",cliente,"(-76.910851,-12.362735)",2025-06-05T00:07:51.458396,2025-06-05T00:07:51.458396,sin_zona,8:00 a.m. - 6:00 p.m.
9fda846e-5971-4281-a160-e1a20e91b452,"Cliente Conectado 10 - 423Q+957, San Antonio de Chaclla 15449, Peru",cliente,"(-76.962465,-11.896668)",2025-06-05T00:07:51.551512,2025-06-05T00:07:51.551512,sin_zona,8:00 a.m. - 6:00 p.m.
aa68eac3-454c-4047-b9a5-dae853648b92,"Cliente Conectado 11 - RX8G+86, Chorrillos 15066, Peru",cliente,"(-77.023979,-12.183594)",2025-06-05T00:07:51.645273,2025-06-05T00:07:51.645273,sin_zona,8:00 a.m. - 6:00 p.m.
e0ce8946-f0f9-4ac8-b6ce-9d65b0a06a29,"Cliente Conectado 12 - 55WM+3C San Antonio, Peru",cliente,"(-76.816493,-11.804856)",2025-06-05T00:07:51.733576,2025-06-05T00:07:51.733576,sin_zona,8:00 a.m. - 6:00 p.m.
93f767bc-72fe-4c34-9e5a-4962fa458049,Cliente Conectado 13 - 57V4MVJ4+W5,cliente,"(-77.144551,-12.317637)",2025-06-05T00:07:51.820541,2025-06-05T00:07:51.820541,sin_zona,8:00 a.m. - 6:00 p.m.
7045a27b-19a6-4d6d-bc9f-c5f93d84e28b,"Cliente Conectado 14 - 7VJJ+8X Ancón, Peru",cliente,"(-77.117611,-11.719216)",2025-06-05T00:07:51.930575,2025-06-05T00:07:51.930575,sin_zona,8:00 a.m. - 6:00 p.m.
f690f704-eb20-4fe5-9045-e2827d77cf46,"Cliente Conectado 15 - MWVM+4M Chorrillos, Peru",cliente,"(-77.065855,-12.307207)",2025-06-05T00:07:52.031004,2025-06-05T00:07:52.031004,sin_zona,8:00 a.m. - 6:00 p.m.
b4b48f46-c21b-49cc-94bb-8b5bbe092bbe,"Cliente Conectado 16 - MVV4+X3 Chorrillos, Peru",cliente,"(-77.144811,-12.305096)",2025-06-05T00:07:52.132002,2025-06-05T00:07:52.132002,sin_zona,8:00 a.m. - 6:00 p.m.
64b21638-2d9c-4a79-b060-a1a52c56ec42,"Cliente Conectado 17 - G5WF+7P Pucusana, Peru",cliente,"(-76.825722,-12.454256)",2025-06-05T00:07:52.237018,2025-06-05T00:07:52.237018,sin_zona,8:00 a.m. - 6:00 p.m.
b11b32f1-6bee-4c28-83b3-58db8012dda4,"Cliente Conectado 18 - La Capitana 20, Lima 15461, Peru",cliente,"(-76.914033,-12.000883)",2025-06-05T00:07:52.329628,2025-06-05T00:07:52.329628,Lima,8:00 a.m. - 6:00 p.m.
0f66fafe-cfb4-46e9-ae56-3d3114d7e4ef,"Cliente Conectado 19 - 4W8W+3FR YUS.CT Park, Carabayllo 15121, Peru",cliente,"(-77.05372,-11.884992)",2025-06-05T00:07:52.428714,2025-06-05T00:07:52.428714,Carabayllo,8:00 a.m. - 6:00 p.m.
da8c4d90-e4e5-4630-85e1-e36d55b81018,"Cliente Conectado 20 - V5XF+73 Cieneguilla, Peru",cliente,"(-76.827312,-12.101848)",2025-06-05T00:07:52.548045,2025-06-05T00:07:52.548045,sin_zona,8:00 a.m. - 6:00 p.m.
da9232af-11a6-4fcc-bb94-4f4ab4867d0f,"Cliente 21 - 7X6P+PC Carabayllo, Peru",cliente,"(-77.013918,-11.7382)",2025-06-05T00:07:52.689225,2025-06-05T00:07:52.689225,Carabayllo,8:00 a.m. - 6:00 p.m.
18f37ec2-2b0c-4f45-ba03-3c3888951cb3,"Cliente 22 - 63R4+MQ Carabayllo, Peru",cliente,"(-76.943111,-11.758254)",2025-06-05T00:07:52.780457,2025-06-05T00:07:52.780457,Carabayllo,8:00 a.m. - 6:00 p.m.
c2760ad2-191a-457c-920e-554ef9a1a069,"Cliente 23 - Q4C7+7CJ, Lima 15822, Peru",cliente,"(-76.886532,-12.229545)",2025-06-05T00:07:52.876394,2025-06-05T00:07:52.876394,Lima,8:00 a.m. - 6:00 p.m.
e0c67b6f-b370-4a5d-b77f-8dae9fa97e06,"Cliente 24 - XVM2+43 Callao, Peru",cliente,"(-77.149755,-12.017203)",2025-06-05T00:07:53.010429,2025-06-05T00:07:53.010429,sin_zona,8:00 a.m. - 6:00 p.m.
f1b247f4-82b4-492a-876b-53901f696b9d,"Cliente 25 - RRGH+5H Callao, Peru",cliente,"(-77.171076,-12.174538)",2025-06-05T00:07:53.112868,2025-06-05T00:07:53.112868,sin_zona,8:00 a.m. - 6:00 p.m.
48c7f3d9-fda0-43cb-a35e-a838ce156652,"Cliente 26 - G4HM+Q7 Pucusana, Peru",cliente,"(-76.866785,-12.470603)",2025-06-05T00:07:53.211869,2025-06-05T00:07:53.211869,sin_zona,8:00 a.m. - 6:00 p.m.
a267f7e2-5cda-4357-8eed-bf025a04840b,"Cliente 27 - H4CG+Q2 Punta Negra, Peru",cliente,"(-76.874916,-12.428096)",2025-06-05T00:07:53.310524,2025-06-05T00:07:53.310524,sin_zona,8:00 a.m. - 6:00 p.m.
1a72db18-2b93-44ff-b703-d2f6b3f11255,"Cliente 28 - Jr. Las Rimarimas 727, Lima 15404, Peru",cliente,"(-77.012604,-12.008195)",2025-06-05T00:07:53.419281,2025-06-05T00:07:53.419281,Lima,8:00 a.m. - 6:00 p.m.
43a1687d-d198-49d4-9a75-d6a72d9314d7,Cliente 29 - 57V4HV99+JW,cliente,"(-77.130139,-12.430943)",2025-06-05T00:07:53.487715,2025-06-05T00:07:53.487715,sin_zona,8:00 a.m. - 6:00 p.m.
55903b16-6eaf-4d65-a88d-ef7c68888810,Cliente 30 - 57V5H29H+J7,cliente,"(-76.971781,-12.430958)",2025-06-05T00:07:53.577546,2025-06-05T00:07:53.577546,sin_zona,8:00 a.m. - 6:00 p.m.
4ad20721-c8f6-4301-a4d4-4009d4aa4d79,"Cliente 31 - 7395+JV Carabayllo, Peru",cliente,"(-76.940292,-11.730946)",2025-06-05T00:07:53.673234,2025-06-05T00:07:53.673234,Carabayllo,8:00 a.m. - 6:00 p.m.
fb23670b-a467-405b-944b-119e1b6d6985,Cliente 32 - 57V4JRFC+4V,cliente,"(-77.177853,-12.377198)",2025-06-05T00:07:53.744438,2025-06-05T00:07:53.744438,sin_zona,8:00 a.m. - 6:00 p.m.
ead5fa4d-73a6-4784-a478-ae8b534f4635,"Cliente 33 - PXHF+6Q Chorrillos, Peru",cliente,"(-77.025576,-12.271978)",2025-06-05T00:07:53.847439,2025-06-05T00:07:53.847439,sin_zona,8:00 a.m. - 6:00 p.m.
98e58a91-2679-4a49-b7db-74ceacf181fa,"Cliente 34 - M29H+2C Lurin, Peru",cliente,"(-76.971387,-12.332382)",2025-06-05T00:07:53.939438,2025-06-05T00:07:53.939438,sin_zona,8:00 a.m. - 6:00 p.m.
f92eee4f-224a-4c67-9f82-f2e6b678fc71,"Cliente 35 - 34V2+39 San Antonio, Peru",cliente,"(-76.899006,-11.90733)",2025-06-05T00:07:54.021394,2025-06-05T00:07:54.021394,sin_zona,8:00 a.m. - 6:00 p.m.
3f66708f-9ac2-47ac-a15a-f20761e203af,Cliente 36 - 57V4GXX5+RX,cliente,"(-77.040085,-12.450461)",2025-06-05T00:07:54.111509,2025-06-05T00:07:54.111509,sin_zona,8:00 a.m. - 6:00 p.m.
7675fe88-9a09-4f09-a729-01b52dd583e5,"Cliente 37 - QR2G+PH Chorrillos, Peru",cliente,"(-77.173611,-12.248216)",2025-06-05T00:07:54.207146,2025-06-05T00:07:54.207146,sin_zona,8:00 a.m. - 6:00 p.m.
012e1f6f-fa37-4b8a-a1d8-567df67eb17f,"Cliente 38 - QW54+5H Chorrillos, Peru",cliente,"(-77.0936,-12.24211)",2025-06-05T00:07:54.301761,2025-06-05T00:07:54.301761,sin_zona,8:00 a.m. - 6:00 p.m.
68f86f0d-85a6-455e-9d69-3814539797f3,"Cliente 39 - J5FP+GH Punta Negra, Peru",cliente,"(-76.813545,-12.37623)",2025-06-05T00:07:54.423793,2025-06-05T00:07:54.423793,sin_zona,8:00 a.m. - 6:00 p.m.
e3fdf483-99dd-4a45-88ef-3dfd653fb47d,"Cliente 40 - J3CV+Q2 Punta Hermosa, Peru",cliente,"(-76.907437,-12.378111)",2025-06-05T00:07:54.517643,2025-06-05T00:07:54.517643,sin_zona,8:00 a.m. - 6:00 p.m.
1de94061-d8ae-44cc-a99a-efd01957547b,"Cliente 41 - G362+8G Pucusana, Peru",cliente,"(-76.948657,-12.48914)",2025-06-05T00:07:54.608596,2025-06-05T00:07:54.608596,sin_zona,8:00 a.m. - 6:00 p.m.
053bf75f-8cd2-40f5-91cc-ee4296a43133,"Cliente 42 - W5G7+X9 Cieneguilla, Peru",cliente,"(-76.836544,-12.072608)",2025-06-05T00:07:54.687718,2025-06-05T00:07:54.687718,sin_zona,8:00 a.m. - 6:00 p.m.
c7d5987e-2780-44d1-b126-4a89d5031a4a,Cliente 43 - 57V4HXQ7+69,cliente,"(-77.036579,-12.411979)",2025-06-05T00:07:54.777717,2025-06-05T00:07:54.777717,sin_zona,8:00 a.m. - 6:00 p.m.
8f590bbe-2653-4bc7-94cc-f3aa368d8307,"Cliente 44 - 7WV3+V7 Ancón, Peru",cliente,"(-77.096836,-11.705334)",2025-06-05T00:07:54.867716,2025-06-05T00:07:54.867716,sin_zona,8:00 a.m. - 6:00 p.m.
c36809ab-c15f-40a7-bc94-4f9ca3f79d86,"Cliente 45 - 72R3+RJ Carabayllo, Peru",cliente,"(-76.995958,-11.707904)",2025-06-05T00:07:54.975781,2025-06-05T00:07:54.975781,Carabayllo,8:00 a.m. - 6:00 p.m.
63bd94d0-ef17-4c69-9573-a901bbcf4253,"Cliente 46 - 35G3+RJ San Antonio, Peru",cliente,"(-76.845925,-11.922939)",2025-06-05T00:07:55.075114,2025-06-05T00:07:55.075114,sin_zona,8:00 a.m. - 6:00 p.m.
fb23146d-89a5-449c-9920-b0b4fad43526,"Cliente 47 - R4JF+X8 Pachacamac, Peru",cliente,"(-76.876737,-12.167599)",2025-06-05T00:07:55.155966,2025-06-05T00:07:55.155966,sin_zona,8:00 a.m. - 6:00 p.m.
2cca4f0c-d3da-4683-acaa-bd27896ed971,"Cliente 48 - J35G+6X Punta Hermosa, Peru",cliente,"(-76.922585,-12.391988)",2025-06-05T00:07:55.251842,2025-06-05T00:07:55.251842,sin_zona,8:00 a.m. - 6:00 p.m.
afe198e7-dbb3-49ce-8453-1e5bb362542b,"Cliente 49 - XVJH+MM, Callao 07031, Peru",cliente,"(-77.120081,-12.017328)",2025-06-05T00:07:55.334716,2025-06-05T00:07:55.334716,sin_zona,8:00 a.m. - 6:00 p.m.
2086000d-ac79-499a-97fa-180228ee1b99,"Cliente 50 - P36C+G3 Lurin, Peru",cliente,"(-76.9298,-12.288647)",2025-06-05T00:07:55.445859,2025-06-05T00:07:55.445859,sin_zona,8:00 a.m. - 6:00 p.m.
1e78bce4-4572-44a8-a756-12274f8a2087,"Cliente 51 - 63C9+WC Carabayllo, Peru",cliente,"(-76.931398,-11.777723)",2025-06-05T00:07:55.528861,2025-06-05T00:07:55.528861,Carabayllo,8:00 a.m. - 6:00 p.m.
4f89c4db-8beb-4906-bc45-a26dd8dee60d,"Cliente 52 - J53W+Q7 Punta Negra, Peru",cliente,"(-76.804327,-12.395502)",2025-06-05T00:07:55.641863,2025-06-05T00:07:55.641863,sin_zona,8:00 a.m. - 6:00 p.m.
b736f755-a887-462e-b4a9-1bea4220b04f,"Cliente 53 - G452+V9 Chilca, Peru",cliente,"(-76.899027,-12.490319)",2025-06-05T00:07:55.744859,2025-06-05T00:07:55.744859,sin_zona,8:00 a.m. - 6:00 p.m.
1361dd12-0545-47fc-934b-62aaeb9051b9,"Cliente 54 - RR3V+82 Chorrillos, Peru",cliente,"(-77.157397,-12.196662)",2025-06-05T00:07:55.841861,2025-06-05T00:07:55.841861,sin_zona,8:00 a.m. - 6:00 p.m.
87da2054-a6ee-45fa-8e7f-f6883b1146c4,"Cliente 55 - Callao 100 3822, Puente Piedra 07076, Peru",cliente,"(-77.114784,-11.840626)",2025-06-05T00:07:55.943266,2025-06-05T00:07:55.943266,sin_zona,8:00 a.m. - 6:00 p.m.
1c1aee4e-e38c-46d1-a49d-8b2cd3c0176b,"Cliente 56 - RR28+QJ Callao, Peru",cliente,"(-77.183499,-12.198059)",2025-06-05T00:07:56.035438,2025-06-05T00:07:56.035438,sin_zona,8:00 a.m. - 6:00 p.m.
57b204e0-a999-40f2-a523-509e5f819f94,"Cliente 57 - MZ. V2 LT22, Ventanilla 07061, Peru",cliente,"(-77.14229,-11.884391)",2025-06-05T00:07:56.134661,2025-06-05T00:07:56.134661,sin_zona,8:00 a.m. - 6:00 p.m.
8cf29c0d-d5cf-4ad1-92b6-6ffe577c32d2,"Cliente 58 - PX2W+CJ Lurin, Peru",cliente,"(-77.003467,-12.298908)",2025-06-05T00:07:56.230442,2025-06-05T00:07:56.230442,sin_zona,8:00 a.m. - 6:00 p.m.
897fd960-2feb-4f58-8121-684575a2ad4a,"Cliente 59 - 62P6+3C Carabayllo, Peru",cliente,"(-76.98898,-11.764751)",2025-06-05T00:07:56.316951,2025-06-05T00:07:56.316951,Carabayllo,8:00 a.m. - 6:00 p.m.
d41b9fdf-c1d0-44fc-a65b-6b4fb1e2e5ab,"Cliente 60 - VR7W+3P Callao, Peru",cliente,"(-77.153165,-12.137315)",2025-06-05T00:07:56.410545,2025-06-05T00:07:56.410545,sin_zona,8:00 a.m. - 6:00 p.m.
f2779ecc-b7db-42e2-ad15-3378fda2dd56,"Cliente 61 - H3P7+JM Punta Hermosa, Peru",cliente,"(-76.935859,-12.413471)",2025-06-05T00:07:56.507577,2025-06-05T00:07:56.507577,sin_zona,8:00 a.m. - 6:00 p.m.
a945b39b-e65c-484c-9170-3c4a2c84fb2a,Cliente 62 - 57V4JW43+53,cliente,"(-77.097373,-12.394584)",2025-06-05T00:07:56.602573,2025-06-05T00:07:56.602573,sin_zona,8:00 a.m. - 6:00 p.m.
ecdda402-ae99-4288-ae5c-47b9de7f66fb,Cliente 63 - 57V4MRGX+C3,cliente,"(-77.152362,-12.323999)",2025-06-05T00:07:56.691574,2025-06-05T00:07:56.691574,sin_zona,8:00 a.m. - 6:00 p.m.
04c3408c-a221-4c3b-866a-7779fbd0169e,"Cliente 64 - 54GF+PR San Antonio, Peru",cliente,"(-76.875387,-11.823202)",2025-06-05T00:07:56.780284,2025-06-05T00:07:56.780284,sin_zona,8:00 a.m. - 6:00 p.m.
e5ccbc01-3bd1-48f7-a955-34388f84053a,"Cliente 65 - 42RR+V3 Carabayllo, Peru",cliente,"(-76.959827,-11.857858)",2025-06-05T00:07:56.894630,2025-06-05T00:07:56.894630,Carabayllo,8:00 a.m. - 6:00 p.m.
c201a9f3-fddb-4280-a497-ce37b4f7eaaa,"Cliente 66 - 6R73+43 Ancón, Peru",cliente,"(-77.197288,-11.78717)",2025-06-05T00:07:57.021612,2025-06-05T00:07:57.021612,sin_zona,8:00 a.m. - 6:00 p.m.
a7d1ca70-c234-46ca-867c-d12be9bc0ce3,Cliente 67 - 57V4JX7V+H9,cliente,"(-77.006561,-12.386098)",2025-06-05T00:07:57.105448,2025-06-05T00:07:57.105448,sin_zona,8:00 a.m. - 6:00 p.m.
7e98eb42-a21b-406a-94d1-77e37f2da4b2,Cliente 68 - 57V4GW52+MJ,cliente,"(-77.098412,-12.490805)",2025-06-05T00:07:57.180297,2025-06-05T00:07:57.180297,sin_zona,8:00 a.m. - 6:00 p.m.
07e69786-2d12-4c68-b6c7-5513dbde0714,Cliente 69 - 57V4GX63+P5,cliente,"(-77.047013,-12.48823)",2025-06-05T00:07:57.273614,2025-06-05T00:07:57.273614,sin_zona,8:00 a.m. - 6:00 p.m.
b3b10d2f-06f7-4aac-bd9f-4f03962c9c22,"Cliente 70 - 4VVP+X77, Callao 07056, Peru",cliente,"(-77.114667,-11.855171)",2025-06-05T00:07:57.371953,2025-06-05T00:07:57.371953,sin_zona,8:00 a.m. - 6:00 p.m.
fef3ec0d-2198-4dbd-9247-c66aa9acc226,"Cliente 71 - 523J+X2 Carabayllo, Peru",cliente,"(-76.969885,-11.845098)",2025-06-05T00:07:57.452677,2025-06-05T00:07:57.452677,Carabayllo,8:00 a.m. - 6:00 p.m.
aed98354-4672-4b28-b57c-d33bb629a9bb,"Cliente 72 - R5FR+8P Pachacamac, Peru",cliente,"(-76.808248,-12.176637)",2025-06-05T00:07:57.531999,2025-06-05T00:07:57.531999,sin_zona,8:00 a.m. - 6:00 p.m.
443fad7b-b3cc-456b-af50-d86fd534a3e8,"Cliente 73 - W446+43, Pachacamac 15594, Peru",cliente,"(-76.889539,-12.094036)",2025-06-05T00:07:57.631515,2025-06-05T00:07:57.631515,sin_zona,8:00 a.m. - 6:00 p.m.
4a903540-9a39-45f1-a82a-3f47df795411,Cliente 74 - 57V4GW26+8G,cliente,"(-77.088674,-12.499239)",2025-06-05T00:07:57.701717,2025-06-05T00:07:57.701717,sin_zona,8:00 a.m. - 6:00 p.m.
19144957-d6d1-40e4-a661-e006d68ef189,Cliente 75 - 57V4JV28+FF,cliente,"(-77.133791,-12.398864)",2025-06-05T00:07:57.773565,2025-06-05T00:07:57.773565,sin_zona,8:00 a.m. - 6:00 p.m.
04454813-a724-4138-a8bf-eb30d3364ee8,Cliente 76 - 57V4JVQ4+VG,cliente,"(-77.143663,-12.360352)",2025-06-05T00:07:57.858693,2025-06-05T00:07:57.858693,sin_zona,8:00 a.m. - 6:00 p.m.
941a5ff7-e3f1-4266-bc32-aa23821121ee,"Cliente 77 - 42F6+3V Carabayllo, Peru",cliente,"(-76.987826,-11.877335)",2025-06-05T00:07:57.940632,2025-06-05T00:07:57.940632,Carabayllo,8:00 a.m. - 6:00 p.m.
bb41b5e5-1df5-4988-a105-d80ed8b5ec66,"Cliente 78 - PWQ8+V5 Chorrillos, Peru",cliente,"(-77.084625,-12.260259)",2025-06-05T00:07:58.040551,2025-06-05T00:07:58.040551,sin_zona,8:00 a.m. - 6:00 p.m.
a51b28bb-6cfb-4c29-95e4-605a2537061a,"Cliente 79 - 6WQH+W6 Ancón, Peru",cliente,"(-77.07194,-11.760196)",2025-06-05T00:07:58.127718,2025-06-05T00:07:58.127718,sin_zona,8:00 a.m. - 6:00 p.m.
2edf175d-f0e9-46e2-a2d0-6703ad65b96c,"Cliente 80 - 346J+CJ San Antonio, Peru",cliente,"(-76.868427,-11.938991)",2025-06-05T00:07:58.200444,2025-06-05T00:07:58.200444,sin_zona,8:00 a.m. - 6:00 p.m.
beb674a0-5107-492c-80b8-645227706133,"Cliente 81 - X368+22J, C. 5, Lima 15498, Peru",cliente,"(-76.935117,-12.03987)",2025-06-05T00:07:58.308096,2025-06-05T00:07:58.308096,Lima,8:00 a.m. - 6:00 p.m.
41c2285a-2bd0-46f7-9d44-f574871ee43f,"Cliente 82 - M4C7+W4 Lurin, Peru",cliente,"(-76.887149,-12.327667)",2025-06-05T00:07:58.406717,2025-06-05T00:07:58.406717,sin_zona,8:00 a.m. - 6:00 p.m.
d775e9b5-8e60-4aa4-96a0-f1e99a0a9eed,"Cliente 83 - 4RXV+8M Ventanilla, Peru",cliente,"(-77.155863,-11.851629)",2025-06-05T00:07:58.508739,2025-06-05T00:07:58.508739,sin_zona,8:00 a.m. - 6:00 p.m.
407bf8b3-407b-486c-b707-10aa7af95322,"Cliente 84 - 2V99+72R, Callao 07046, Peru",cliente,"(-77.133458,-11.980941)",2025-06-05T00:07:58.599695,2025-06-05T00:07:58.599695,sin_zona,8:00 a.m. - 6:00 p.m.
44b5cc8a-58ef-4495-b256-ece96746c780,"Cliente 85 - 3394+CX San Antonio, Peru",cliente,"(-76.94261,-11.93147)",2025-06-05T00:07:58.694950,2025-06-05T00:07:58.694950,sin_zona,8:00 a.m. - 6:00 p.m.
2182e116-ed92-47f1-9dd3-94901c0ebdca,"Cliente 86 - 6VM7+VX, Ancón 15123, Peru",cliente,"(-77.134998,-11.764867)",2025-06-05T00:07:58.779615,2025-06-05T00:07:58.779615,sin_zona,8:00 a.m. - 6:00 p.m.
905a0329-c05a-4cc8-a864-5841fac07d46,"Cliente 87 - QVF6+G8 Chorrillos, Peru",cliente,"(-77.139193,-12.226249)",2025-06-05T00:07:58.872718,2025-06-05T00:07:58.872718,sin_zona,8:00 a.m. - 6:00 p.m.
48a0b37f-605e-4fe9-9344-2a2ee83b28de,Cliente 88 - 57V4HRPW+6G,cliente,"(-77.153739,-12.414424)",2025-06-05T00:07:58.942720,2025-06-05T00:07:58.942720,sin_zona,8:00 a.m. - 6:00 p.m.
a4a40762-8a47-49fd-ad4c-611ce5057297,"Cliente 89 - Avenida Bolivia, Ventanilla 07066, Peru",cliente,"(-77.126141,-11.844058)",2025-06-05T00:07:59.042719,2025-06-05T00:07:59.042719,sin_zona,8:00 a.m. - 6:00 p.m.
92fe3ea4-a2e3-424c-bac4-77f10b91591f,"Cliente 90 - Q5VV+V7 Lurin, Peru",cliente,"(-76.8068,-12.205292)",2025-06-05T00:07:59.118718,2025-06-05T00:07:59.118718,sin_zona,8:00 a.m. - 6:00 p.m.
d3d521b1-de6d-405b-8edb-17e57e0bde19,"Cliente 91 - JXWQ+XH Lurin, Peru",cliente,"(-77.011016,-12.352604)",2025-06-05T00:07:59.216442,2025-06-05T00:07:59.216442,sin_zona,8:00 a.m. - 6:00 p.m.
65376a22-a61b-4165-8a67-6c4c89220a01,"Cliente 92 - 24WM+QV Lurigancho-Chosica, Peru",cliente,"(-76.865288,-11.953104)",2025-06-05T00:07:59.331443,2025-06-05T00:07:59.331443,sin_zona,8:00 a.m. - 6:00 p.m.
a9a75a54-6600-4fd0-bce5-8817d2cec064,"Cliente 93 - 542X+MW San Antonio, Peru",cliente,"(-76.850196,-11.848316)",2025-06-05T00:07:59.407391,2025-06-05T00:07:59.407391,sin_zona,8:00 a.m. - 6:00 p.m.
a8fa61ec-64d0-42ff-b398-31dc71103109,"Cliente 94 - 4XJ5+MXG, Carabayllo 15121, Peru",cliente,"(-77.039966,-11.868119)",2025-06-05T00:07:59.502100,2025-06-05T00:07:59.502100,Carabayllo,8:00 a.m. - 6:00 p.m.
525bf206-38e0-4dde-8c8b-3a92386c7aaf,"Cliente 95 - P45V+72X, Lurin 15823, Peru",cliente,"(-76.857856,-12.291348)",2025-06-05T00:07:59.599928,2025-06-05T00:07:59.599928,sin_zona,8:00 a.m. - 6:00 p.m.
f0ca2716-4e67-4c64-9f2c-e9609c8e0157,"Cliente 96 - VRPJ+73 Callao, Peru",cliente,"(-77.169839,-12.114271)",2025-06-05T00:07:59.695951,2025-06-05T00:07:59.695951,sin_zona,8:00 a.m. - 6:00 p.m.
ad87e9b8-281e-4b6b-bbae-592a94965a0f,Cliente 97 - 57V4GRXH+4F,cliente,"(-77.171369,-12.452211)",2025-06-05T00:07:59.764930,2025-06-05T00:07:59.764930,sin_zona,8:00 a.m. - 6:00 p.m.
7de32d27-2d24-462c-aefc-7f9b7e35c8c0,"Cliente 98 - M5WG+25, Punta Hermosa 15845, Peru",cliente,"(-76.824375,-12.304321)",2025-06-05T00:07:59.854590,2025-06-05T00:07:59.854590,sin_zona,8:00 a.m. - 6:00 p.m.
8002ee3d-e935-48f7-a362-0e5bfbaaaf0b,"Cliente 99 - WVFC+HQ La Perla, Peru",cliente,"(-77.128043,-12.076112)",2025-06-05T00:07:59.993666,2025-06-05T00:07:59.993666,sin_zona,8:00 a.m. - 6:00 p.m.
b7509369-2585-48ac-97ff-43b57d487edf,"Cliente 100 - RVFR+49 Chorrillos, Peru",cliente,"(-77.109101,-12.177177)",2025-06-05T00:08:00.087565,2025-06-05T00:08:00.087565,sin_zona,8:00 a.m. - 6:00 p.m.
0cde3882-340f-4434-be79-f891e71486f4,"Cliente 101 - 6WMR+6Q Ancón, Peru",cliente,"(-77.058062,-11.766943)",2025-06-05T00:08:00.169758,2025-06-05T00:08:00.169758,sin_zona,8:00 a.m. - 6:00 p.m.
706265ef-4c3f-4d5b-aa72-ace57754ded8,"Cliente 102 - P5M7+63 Lurin, Peru",cliente,"(-76.837335,-12.266895)",2025-06-05T00:08:00.262597,2025-06-05T00:08:00.262597,sin_zona,8:00 a.m. - 6:00 p.m.
66cb5a11-3d3a-46aa-bbda-c87e01322925,"Cliente 103 - QWR2+VQ Chorrillos, Peru",cliente,"(-77.098035,-12.207794)",2025-06-05T00:08:00.364609,2025-06-05T00:08:00.364609,sin_zona,8:00 a.m. - 6:00 p.m.
01c64e98-d502-4b6d-84e1-7dafdd3cf9f4,"Cliente 104 - QXX6+6Q Chorrillos, Peru",cliente,"(-77.038002,-12.201974)",2025-06-05T00:08:00.455454,2025-06-05T00:08:00.455454,sin_zona,8:00 a.m. - 6:00 p.m.
d50ffef7-5cae-450f-a2f2-7ae99bff84cc,"Cliente 105 - 7WW8+5P Ancón, Peru",cliente,"(-77.083217,-11.70454)",2025-06-05T00:08:00.538720,2025-06-05T00:08:00.538720,sin_zona,8:00 a.m. - 6:00 p.m.
9ef1c693-8ffb-4ef1-8675-76c96f803fd0,"Cliente 106 - 2V7V+C85, Lima 15112, Peru",cliente,"(-77.10683,-11.98642)",2025-06-05T00:08:00.626595,2025-06-05T00:08:00.626595,Lima,8:00 a.m. - 6:00 p.m.
418c48fc-1d30-4c70-8804-b1dafc0a0400,"Cliente 107 - 2W9C+68J, Los Olivos 15304, Peru",cliente,"(-77.079284,-11.98186)",2025-06-05T00:08:00.733642,2025-06-05T00:08:00.733642,sin_zona,8:00 a.m. - 6:00 p.m.
9c9b8d67-2965-456d-bc07-5fa5426a3c09,"Cliente 108 - Calle 4 25, Lima 15491, Peru",cliente,"(-76.894889,-12.023032)",2025-06-05T00:08:00.833695,2025-06-05T00:08:00.833695,Lima,8:00 a.m. - 6:00 p.m.
341e4789-c099-414c-93ea-9808dcc491e1,Cliente 109 - 57V4JRVR+WP,cliente,"(-77.158207,-12.355194)",2025-06-05T00:08:00.906738,2025-06-05T00:08:00.906738,sin_zona,8:00 a.m. - 6:00 p.m.
e84013fc-ffa4-463f-9565-49d8363a8d38,"Cliente 110 - 62FF+2C4, Carabayllo 15320, Peru",cliente,"(-76.976342,-11.777625)",2025-06-05T00:08:00.998475,2025-06-05T00:08:00.998475,Carabayllo,8:00 a.m. - 6:00 p.m.
5cb1e104-113d-40d9-9d33-c3ecf2665195,"Cliente 111 - J3XW+QQ Lurin, Peru",cliente,"(-76.903062,-12.350563)",2025-06-05T00:08:01.094445,2025-06-05T00:08:01.094445,sin_zona,8:00 a.m. - 6:00 p.m.
9b7df0a4-7e4c-4a73-9c95-25259ef5194e,Cliente 112 - 57V5J243+GJ,cliente,"(-76.995941,-12.39374)",2025-06-05T00:08:01.182680,2025-06-05T00:08:01.182680,sin_zona,8:00 a.m. - 6:00 p.m.
2b957c21-1f7a-4a35-ae53-99f43e82df4e,Cliente 113 - 57V4GWCH+WH,cliente,"(-77.071073,-12.477691)",2025-06-05T00:08:01.268441,2025-06-05T00:08:01.268441,sin_zona,8:00 a.m. - 6:00 p.m.
6448cecd-5c88-46a2-81ac-fbcd08b0872c,"Cliente 114 - 44WH+5C San Antonio, Peru",cliente,"(-76.871393,-11.854554)",2025-06-05T00:08:01.360546,2025-06-05T00:08:01.360546,sin_zona,8:00 a.m. - 6:00 p.m.
526fcd96-0ea9-409b-874f-0b31ae409f6d,"Cliente 115 - 5X7R+XJ7, Carabayllo 15319, Peru",cliente,"(-77.008971,-11.835491)",2025-06-05T00:08:01.453332,2025-06-05T00:08:01.453332,Carabayllo,8:00 a.m. - 6:00 p.m.
ae517d87-85a4-4cf3-ac1a-3b0b7a77cfd4,"Cliente 116 - 558J+RV San Antonio, Peru",cliente,"(-76.817814,-11.832926)",2025-06-05T00:08:01.537548,2025-06-05T00:08:01.537548,sin_zona,8:00 a.m. - 6:00 p.m.
e5ab4d4c-59e4-4d06-a492-45e00c441ae0,"Cliente 117 - 4584+VC San Antonio, Peru",cliente,"(-76.843903,-11.882774)",2025-06-05T00:08:01.642767,2025-06-05T00:08:01.642767,sin_zona,8:00 a.m. - 6:00 p.m.
1bb4e136-094b-44e0-b55c-915e43898f00,"Cliente 118 - 74V6+93 Carabayllo, Peru",cliente,"(-76.889758,-11.706579)",2025-06-05T00:08:01.755805,2025-06-05T00:08:01.755805,Carabayllo,8:00 a.m. - 6:00 p.m.
0f203a35-3609-47f0-b13f-886544ab102a,"Cliente 119 - 64MQ+HH Carabayllo, Peru",cliente,"(-76.86103,-11.766061)",2025-06-05T00:08:01.849202,2025-06-05T00:08:01.849202,Carabayllo,8:00 a.m. - 6:00 p.m.
5fc01c57-1988-4d64-bd41-6a3e4cf66f6d,"Cliente 120 - VRCG+X5 Callao, Peru",cliente,"(-77.17459,-12.127568)",2025-06-05T00:08:01.951364,2025-06-05T00:08:01.951364,sin_zona,8:00 a.m. - 6:00 p.m.
d4e2d3ff-3e81-4bd4-88c5-64b938e583b8,"Cliente 121 - WVG2+VW Callao, Peru",cliente,"(-77.147669,-12.072809)",2025-06-05T00:08:02.090437,2025-06-05T00:08:02.090437,sin_zona,8:00 a.m. - 6:00 p.m.
cc021669-23de-48ed-b428-07d8407270d9,"Cliente 122 - Jirón Batallón Tarma 335, Lima 15039, Peru",cliente,"(-76.979758,-12.120144)",2025-06-05T00:08:02.189755,2025-06-05T00:08:02.189755,Lima,8:00 a.m. - 6:00 p.m.
a1c3fa4e-0aa5-47ca-90a6-b2f4b01836d2,Cliente 123 - 57V4GV67+CG,cliente,"(-77.136157,-12.488998)",2025-06-05T00:08:02.256601,2025-06-05T00:08:02.256601,sin_zona,8:00 a.m. - 6:00 p.m.
c1f4d52c-64cc-4147-a111-70baf584dc90,"Cliente 124 - Etapa 10, Carabayllo 15319, Peru",cliente,"(-76.981158,-11.847736)",2025-06-05T00:08:02.348598,2025-06-05T00:08:02.348598,Carabayllo,8:00 a.m. - 6:00 p.m.
655a21ca-b5ff-4b4f-9e4a-34eefec7dd95,"Cliente 125 - Casanave 168, Comas 15327, Peru",cliente,"(-77.047109,-11.939712)",2025-06-05T00:08:02.455561,2025-06-05T00:08:02.455561,sin_zona,8:00 a.m. - 6:00 p.m.
23ce0f6b-f885-4038-a41c-651058d9ba00,"Cliente 126 - Calle Los Conquistadores Mz. I Lote 11 Asoc. ProD. La Arboleda, Santa Rosa 15123, Peru",cliente,"(-77.148192,-11.811797)",2025-06-05T00:08:02.556695,2025-06-05T00:08:02.556695,sin_zona,8:00 a.m. - 6:00 p.m.
61b71c5d-3ad2-4eef-8319-0402ec444f69,"Cliente 127 - V3PP+GR La Molina, Peru",cliente,"(-76.912981,-12.113669)",2025-06-05T00:08:02.676532,2025-06-05T00:08:02.676532,sin_zona,8:00 a.m. - 6:00 p.m.
8b807d81-4ef1-48ab-99b8-4028fdc8a301,"Cliente 128 - QR7V+HQ Chorrillos, Peru",cliente,"(-77.155527,-12.236029)",2025-06-05T00:08:02.766729,2025-06-05T00:08:02.766729,sin_zona,8:00 a.m. - 6:00 p.m.
17ae1a16-6a19-45ef-bfea-b0f9d78f0d17,"Cliente 129 - Av. Bausate y Meza 1541, La Victoria 15018, Peru",cliente,"(-77.014874,-12.062526)",2025-06-05T00:08:02.871614,2025-06-05T00:08:02.871614,sin_zona,8:00 a.m. - 6:00 p.m.
022ffc2e-f57e-4c63-b9b8-32167d722ef0,"Cliente 130 - M5VW+3Q Punta Hermosa, Peru",cliente,"(-76.803074,-12.307322)",2025-06-05T00:08:02.963866,2025-06-05T00:08:02.963866,sin_zona,8:00 a.m. - 6:00 p.m.
7155d23f-1105-44c8-a354-cf3cf062209b,Cliente 131 - 57V4GX58+VJ,cliente,"(-77.03347,-12.490262)",2025-06-05T00:08:03.049487,2025-06-05T00:08:03.049487,sin_zona,8:00 a.m. - 6:00 p.m.
98a9ff6e-d00a-4452-abc7-72427036918c,"Cliente 132 - P3V5+55 Lurin, Peru",cliente,"(-76.94201,-12.257043)",2025-06-05T00:08:03.174721,2025-06-05T00:08:03.174721,sin_zona,8:00 a.m. - 6:00 p.m.
c4e6e732-700c-4b32-a966-cf8e390d2c36,"Cliente 133 - 6R23+XJ Ancón, Peru",cliente,"(-77.195946,-11.797505)",2025-06-05T00:08:03.297745,2025-06-05T00:08:03.297745,sin_zona,8:00 a.m. - 6:00 p.m.
6b1ffa82-229c-423a-a7a9-bf2acc6a6058,"Cliente 134 - Q5W3+3Q, Pachacamac 15823, Peru",cliente,"(-76.845594,-12.204354)",2025-06-05T00:08:03.391572,2025-06-05T00:08:03.391572,sin_zona,8:00 a.m. - 6:00 p.m.
7001bc9c-14ea-45da-938c-5ae015a3127a,"Cliente 135 - R4F2+2M Villa María del Triunfo, Peru",cliente,"(-76.898258,-12.17748)",2025-06-05T00:08:03.507014,2025-06-05T00:08:03.507014,sin_zona,8:00 a.m. - 6:00 p.m.
6fbd2e05-2b37-4ecb-ac3d-21e73890364a,"Cliente 136 - 35XG+9J San Antonio, Peru",cliente,"(-76.823393,-11.901576)",2025-06-05T00:08:03.593898,2025-06-05T00:08:03.593898,sin_zona,8:00 a.m. - 6:00 p.m.
f1d0ab3a-6856-45c0-bc34-c34899144481,"Cliente 137 - VW76+M7 San Isidro, Peru",cliente,"(-77.089372,-12.135804)",2025-06-05T00:08:03.695538,2025-06-05T00:08:03.695538,sin_zona,8:00 a.m. - 6:00 p.m.
c8f064dc-a347-4089-848d-9b66271baba2,"Cliente 138 - 429R+9Q San Antonio, Peru",cliente,"(-76.9581,-11.881607)",2025-06-05T00:08:03.787259,2025-06-05T00:08:03.787259,sin_zona,8:00 a.m. - 6:00 p.m.
980a0213-eff5-448b-bb11-8cf1f6af365f,"Cliente 139 - WR62+V9 Callao, Peru",cliente,"(-77.199087,-12.087836)",2025-06-05T00:08:03.914410,2025-06-05T00:08:03.914410,sin_zona,8:00 a.m. - 6:00 p.m.
c1ee89d1-98a1-4254-92fb-45ed0a80a21a,"Cliente 140 - X557+XMX, Cieneguilla 15476, Peru",cliente,"(-76.835111,-12.040465)",2025-06-05T00:08:03.989405,2025-06-05T00:08:03.989405,sin_zona,8:00 a.m. - 6:00 p.m.
92e30e35-4bc3-457e-b2e8-014d20790e04,"Cliente 141 - 2RCQ+M8 Callao, Peru",cliente,"(-77.161724,-11.978283)",2025-06-05T00:08:04.086169,2025-06-05T00:08:04.086169,sin_zona,8:00 a.m. - 6:00 p.m.
219846fd-0b4d-4882-a05d-b19bb814ee4e,"Cliente 142 - Prolongacion Centenario 600, Callao 07046, Peru",cliente,"(-77.136867,-12.01639)",2025-06-05T00:08:04.181231,2025-06-05T00:08:04.181231,sin_zona,8:00 a.m. - 6:00 p.m.
f8cae972-98b0-43e8-ab2c-a93367b72a5d,"Cliente 143 - W5MC+J9 Cieneguilla, Peru",cliente,"(-76.829011,-12.065906)",2025-06-05T00:08:04.300284,2025-06-05T00:08:04.300284,sin_zona,8:00 a.m. - 6:00 p.m.
fae2a816-26ca-4e24-a2bc-633591ee3162,"Cliente 144 - P5X6+4Q Lurin, Peru",cliente,"(-76.838094,-12.25222)",2025-06-05T00:08:04.390606,2025-06-05T00:08:04.390606,sin_zona,8:00 a.m. - 6:00 p.m.
25cac2e6-2f18-400c-b886-9514f7ebb5e9,"Cliente 145 - W5XF+RW Cieneguilla, Peru",cliente,"(-76.825208,-12.050394)",2025-06-05T00:08:04.474460,2025-06-05T00:08:04.474460,sin_zona,8:00 a.m. - 6:00 p.m.
cac2c07f-0a30-4e89-aad0-f6e40342e923,Cliente 146 - 57V4JVFG+8P,cliente,"(-77.123157,-12.376641)",2025-06-05T00:08:04.558460,2025-06-05T00:08:04.558460,sin_zona,8:00 a.m. - 6:00 p.m.
fa1936de-d970-40ab-bc51-70b5d6825749,Cliente 147 - 57V4HRJ4+GW,cliente,"(-77.192632,-12.41865)",2025-06-05T00:08:04.627349,2025-06-05T00:08:04.627349,sin_zona,8:00 a.m. - 6:00 p.m.
8832e893-2939-4123-8c7d-e8e4e65f49c0,"Cliente 148 - X58R+6H3, Ate 15483, Peru",cliente,"(-76.80924,-12.034229)",2025-06-05T00:08:04.711538,2025-06-05T00:08:04.711538,sin_zona,8:00 a.m. - 6:00 p.m.
83235e23-516c-40fd-a4ad-d0948992ff50,Cliente 149 - 57V4HRHF+VH,cliente,"(-77.176125,-12.420267)",2025-06-05T00:08:04.783532,2025-06-05T00:08:04.783532,sin_zona,8:00 a.m. - 6:00 p.m.
c801a286-7224-4f7b-bb66-da20e19dba36,"Cliente 150 - 4W5P+CMJ, Huertos de Puente Piedra, Puente Piedra 15121, Peru",cliente,"(-77.063241,-11.892172)",2025-06-05T00:08:04.885134,2025-06-05T00:08:04.885134,sin_zona,8:00 a.m. - 6:00 p.m.
09cd3b5b-59fa-48e6-ae06-5023c72df9c0,Cliente 151 - 57V4GXR9+95,cliente,"(-77.032118,-12.459069)",2025-06-05T00:08:04.973722,2025-06-05T00:08:04.973722,sin_zona,8:00 a.m. - 6:00 p.m.
d1e3a3e5-49cc-40da-8bb2-23a10a498561,Cliente 152 - 57V4HVCR+M9,cliente,"(-77.109097,-12.428255)",2025-06-05T00:08:05.066572,2025-06-05T00:08:05.066572,sin_zona,8:00 a.m. - 6:00 p.m.
65ba26fd-ccc6-4bb5-91d3-f25b1bf63b52,Cliente 153 - 57V4GWH9+RG,cliente,"(-77.081217,-12.470471)",2025-06-05T00:08:05.150562,2025-06-05T00:08:05.150562,sin_zona,8:00 a.m. - 6:00 p.m.
d090bbff-09db-463d-8b18-20c791f2fdbd,"Cliente 154 - 32CH+32 San Juan de Lurigancho, Peru",cliente,"(-76.972409,-11.929753)",2025-06-05T00:08:05.246724,2025-06-05T00:08:05.246724,sin_zona,8:00 a.m. - 6:00 p.m.
12fbce43-eb0a-44ce-b177-b32db19dc9dd,"Cliente 155 - V59W+8X Cieneguilla, Peru",cliente,"(-76.80256,-12.131726)",2025-06-05T00:08:05.334785,2025-06-05T00:08:05.334785,sin_zona,8:00 a.m. - 6:00 p.m.
458158af-98ab-407e-b86d-fc8929d34f57,"Cliente 156 - P4RX+PR4, Lurin 15823, Peru",cliente,"(-76.849592,-12.258464)",2025-06-05T00:08:05.421724,2025-06-05T00:08:05.421724,sin_zona,8:00 a.m. - 6:00 p.m.
5ed3c8de-b35e-4ed2-8605-87d866135ef4,"Cliente 157 - 12.2092711, -76.9757285, Chorrillos 15058, Peru",cliente,"(-76.975947,-12.209092)",2025-06-05T00:08:05.516533,2025-06-05T00:08:05.516533,sin_zona,8:00 a.m. - 6:00 p.m.
b123ef6e-e91b-4a2a-b976-0ea4820a82cf,"Cliente 158 - Carr. Vencedores de Sángrar 660, 15335, Peru",cliente,"(-76.943179,-11.710142)",2025-06-05T00:08:05.630170,2025-06-05T00:08:05.630170,sin_zona,8:00 a.m. - 6:00 p.m.
a6e515ba-3446-4f8a-bdc8-e785c3540fa9,"Cliente 159 - 5W84+PVM, C. Contumaza, Puente Piedra 15122, Peru",cliente,"(-77.093984,-11.833419)",2025-06-05T00:08:05.720617,2025-06-05T00:08:05.720617,sin_zona,8:00 a.m. - 6:00 p.m.
6b5d2d15-ac34-475b-9b02-2cbf809957db,"Cliente 160 - Q39C+MMJ, Villa el Salvador 15837, Peru",cliente,"(-76.928325,-12.230193)",2025-06-05T00:08:05.827727,2025-06-05T00:08:05.827727,sin_zona,8:00 a.m. - 6:00 p.m.
98b3bdde-0182-47b6-8156-832d548c23ca,"Cliente 161 - MWHW+VJ Chorrillos, Peru",cliente,"(-77.05343,-12.320305)",2025-06-05T00:08:05.920700,2025-06-05T00:08:05.920700,sin_zona,8:00 a.m. - 6:00 p.m.
faf004d1-0020-4265-93c7-7de56d1881ab,"Cliente 162 - XRVR+FF Callao, Peru",cliente,"(-77.158763,-12.006328)",2025-06-05T00:08:06.031696,2025-06-05T00:08:06.031696,sin_zona,8:00 a.m. - 6:00 p.m.
22b9fa98-65b9-49c9-9f84-c71cfdd32ccd,"Cliente 163 - W5R6+44 Cieneguilla, Peru",cliente,"(-76.839653,-12.059647)",2025-06-05T00:08:06.153226,2025-06-05T00:08:06.153226,sin_zona,8:00 a.m. - 6:00 p.m.
8ad73c94-c6fc-4564-b799-d6c29d02daf0,"Cliente 164 - AV. PACHACUTEC MZ.A-Ñ LOTE 15 C.C. JICAMARCA ANEXO 22, San Antonio de Chaclla 15449, Peru",cliente,"(-76.963276,-11.925065)",2025-06-05T00:08:06.255640,2025-06-05T00:08:06.255640,sin_zona,8:00 a.m. - 6:00 p.m.
dc358961-9254-4111-ac4b-082f69bb8a34,"Cliente 165 - 6W4X+F3 Carabayllo, Peru",cliente,"(-77.052332,-11.793838)",2025-06-05T00:08:06.334164,2025-06-05T00:08:06.334164,Carabayllo,8:00 a.m. - 6:00 p.m.
408cdddf-d6f4-4813-83c0-8c7cf4d38480,"Cliente 166 - R55F+XM Pachacamac, Peru",cliente,"(-76.825844,-12.190067)",2025-06-05T00:08:06.424288,2025-06-05T00:08:06.424288,sin_zona,8:00 a.m. - 6:00 p.m.
c5029917-9d6d-42b5-9bf8-5b72e317268e,Cliente 167 - 57V4HWRQ+QP,cliente,"(-77.060667,-12.40806)",2025-06-05T00:08:06.508725,2025-06-05T00:08:06.508725,sin_zona,8:00 a.m. - 6:00 p.m.
33aab399-e785-46e1-a6e2-d9f10c74d37c,"Cliente 168 - 3WQ2+F6 Ventanilla, Peru",cliente,"(-77.099446,-11.911375)",2025-06-05T00:08:06.602610,2025-06-05T00:08:06.602610,sin_zona,8:00 a.m. - 6:00 p.m.
e3532dc7-1f7e-49df-97c4-c55370e21533,"Cliente 169 - Av. Defensores de Lima 255, San Juan de Miraflores 15803, Peru",cliente,"(-76.973787,-12.143057)",2025-06-05T00:08:06.697700,2025-06-05T00:08:06.697700,Lima,8:00 a.m. - 6:00 p.m.
357f7a32-7d62-4cbe-8f9a-e30723f3ac0b,"Cliente 170 - WW35+2F San Miguel, Peru",cliente,"(-77.091298,-12.097378)",2025-06-05T00:08:06.827581,2025-06-05T00:08:06.827581,sin_zona,8:00 a.m. - 6:00 p.m.
b911ae5b-0c43-46d4-8dce-e83c606970fe,"Cliente 171 - X5WF+V9 Ate, Peru",cliente,"(-76.826576,-12.002805)",2025-06-05T00:08:06.916701,2025-06-05T00:08:06.916701,sin_zona,8:00 a.m. - 6:00 p.m.
46b49222-56aa-4a5c-8f6c-0b526216f123,"Cliente 172 - Q4Q6+FH Pachacamac, Peru",cliente,"(-76.888595,-12.21127)",2025-06-05T00:08:06.995503,2025-06-05T00:08:06.995503,sin_zona,8:00 a.m. - 6:00 p.m.
2815a3c0-fed1-4427-9c1a-60c9e2ba0ab7,"Cliente 173 - XRW3+62 Callao, Peru",cliente,"(-77.197435,-12.004416)",2025-06-05T00:08:07.094854,2025-06-05T00:08:07.094854,sin_zona,8:00 a.m. - 6:00 p.m.
3df1d409-44b3-4b66-a50a-bf6b1af51350,"Cliente 174 - 34P8+XR San Antonio, Peru",cliente,"(-76.882978,-11.912582)",2025-06-05T00:08:07.204213,2025-06-05T00:08:07.204213,sin_zona,8:00 a.m. - 6:00 p.m.
b844e70c-3d05-4ece-92fc-29491274821e,"Cliente 175 - Q2WJ+6VH, Lima 15842, Peru",cliente,"(-76.967426,-12.204113)",2025-06-05T00:08:07.294727,2025-06-05T00:08:07.294727,Lima,8:00 a.m. - 6:00 p.m.
3935b9de-a5f4-4ae9-8d82-a6a5f8f91e82,"Cliente 176 - P52P+VX Punta Hermosa, Peru",cliente,"(-76.812552,-12.297756)",2025-06-05T00:08:07.388664,2025-06-05T00:08:07.388664,sin_zona,8:00 a.m. - 6:00 p.m.
19d786b1-0417-4e8a-aa67-7c2ecc5817e2,"Cliente 177 - XXQ3+JMM, Independencia 15333, Peru",cliente,"(-77.045317,-12.011703)",2025-06-05T00:08:07.486189,2025-06-05T00:08:07.486189,sin_zona,8:00 a.m. - 6:00 p.m.
ce275004-9833-4931-a7bf-40c9bd751de4,"Cliente 178 - WR9R+GV La Punta, Peru",cliente,"(-77.157795,-12.081232)",2025-06-05T00:08:07.619632,2025-06-05T00:08:07.619632,sin_zona,8:00 a.m. - 6:00 p.m.
6c2f08c3-ef2f-49fa-a048-e046e82b5e2c,"Cliente 179 - 553R+2M San Antonio, Peru",cliente,"(-76.808335,-11.847482)",2025-06-05T00:08:07.701155,2025-06-05T00:08:07.701155,sin_zona,8:00 a.m. - 6:00 p.m.
2082e39c-d089-4ca6-91e5-6ace20d5cafb,"Cliente 180 - 44C8+9W San Antonio, Peru",cliente,"(-76.882648,-11.879104)",2025-06-05T00:08:07.796725,2025-06-05T00:08:07.796725,sin_zona,8:00 a.m. - 6:00 p.m.
c43b97a4-8057-4c0e-b84a-3007c2004f13,"Cliente 181 - R544+FP Pachacamac, Peru",cliente,"(-76.843238,-12.193814)",2025-06-05T00:08:07.883528,2025-06-05T00:08:07.883528,sin_zona,8:00 a.m. - 6:00 p.m.
38383a19-1f81-4a0f-ae49-4d01f5201057,Cliente 182 - 57V4QR24+6Q,cliente,"(-77.193009,-12.249415)",2025-06-05T00:08:07.978744,2025-06-05T00:08:07.978744,sin_zona,8:00 a.m. - 6:00 p.m.
e2a5b733-946f-4890-a224-930b6c248b6c,Cliente 183 - 57V4MR83+95,cliente,"(-77.197114,-12.334025)",2025-06-05T00:08:08.051609,2025-06-05T00:08:08.051609,sin_zona,8:00 a.m. - 6:00 p.m.
f420e051-eb8b-481a-875a-65aeb7d60c76,"Cliente 184 - R399+CX Villa María del Triunfo, Peru",cliente,"(-76.930077,-12.181468)",2025-06-05T00:08:08.140893,2025-06-05T00:08:08.140893,sin_zona,8:00 a.m. - 6:00 p.m.
2ae9bf25-2297-47ec-8382-69437c821d9c,"Cliente 185 - 6RRG+F3 Ancón, Peru",cliente,"(-77.174836,-11.758772)",2025-06-05T00:08:08.270469,2025-06-05T00:08:08.270469,sin_zona,8:00 a.m. - 6:00 p.m.
f984fae2-2560-4e4d-b3da-9b35203436b0,"Cliente 186 - WRVC+MH Callao, Peru",cliente,"(-77.178578,-12.055858)",2025-06-05T00:08:08.375655,2025-06-05T00:08:08.375655,sin_zona,8:00 a.m. - 6:00 p.m.
dbc7fa0e-574e-4470-bde3-f01834ecf7d3,"Cliente 187 - X3F8+W6G, Las Buganvilias, Cercado de Lima 15498, Peru",cliente,"(-76.934527,-12.025108)",2025-06-05T00:08:08.473875,2025-06-05T00:08:08.473875,Lima,8:00 a.m. - 6:00 p.m.
79e9b99f-6002-453c-b50b-a1c1c89d1c6c,Cliente 188 - 57V4MRV3+R8,cliente,"(-77.196714,-12.305479)",2025-06-05T00:08:08.543722,2025-06-05T00:08:08.543722,sin_zona,8:00 a.m. - 6:00 p.m.
40a96b95-0e50-48f2-b7c9-0edf11e96bc1,"Cliente 189 - 33FV+6X San Antonio, Peru",cliente,"(-76.905028,-11.926882)",2025-06-05T00:08:08.645648,2025-06-05T00:08:08.645648,sin_zona,8:00 a.m. - 6:00 p.m.
566509bc-5bfb-4711-87f6-5344c154d2ab,"Cliente 190 - Ollantaytambo 117, Chorrillos 15067, Peru",cliente,"(-77.006088,-12.192803)",2025-06-05T00:08:08.744725,2025-06-05T00:08:08.744725,sin_zona,8:00 a.m. - 6:00 p.m.
2438b89e-593d-4c64-8f6b-e529530f589d,"Cliente 191 - Mal. de la Reserva 1049, Miraflores 15074, Peru",cliente,"(-77.028117,-12.136149)",2025-06-05T00:08:08.838718,2025-06-05T00:08:08.838718,sin_zona,8:00 a.m. - 6:00 p.m.
86a14a4e-f4ca-490e-b09a-2a086df2792f,"Cliente 192 - 447G+PW San Antonio, Peru",cliente,"(-76.87271,-11.885687)",2025-06-05T00:08:08.937537,2025-06-05T00:08:08.937537,sin_zona,8:00 a.m. - 6:00 p.m.
1b1710ca-8774-42ca-9e3f-739e7e9088ed,"Cliente 193 - 7W8P+5G Ancón, Peru",cliente,"(-77.063727,-11.734522)",2025-06-05T00:08:09.019650,2025-06-05T00:08:09.019650,sin_zona,8:00 a.m. - 6:00 p.m.
a7aeeec5-56d7-45bc-bb80-b66c44bd8007,"Cliente 194 - 2243+52V, San Juan de Lurigancho 15434, Peru",cliente,"(-76.997542,-11.99486)",2025-06-05T00:08:09.118606,2025-06-05T00:08:09.118606,sin_zona,8:00 a.m. - 6:00 p.m.
0b3b0ab2-fefc-4482-8154-c28779bf2045,"Cliente 195 - 35GG+8G San Antonio, Peru",cliente,"(-76.823701,-11.924152)",2025-06-05T00:08:09.212528,2025-06-05T00:08:09.212528,sin_zona,8:00 a.m. - 6:00 p.m.
21dce8c6-da90-48c6-a77c-4527ca0cb9c3,"Cliente 196 - QV4V+69 Chorrillos, Peru",cliente,"(-77.10662,-12.244493)",2025-06-05T00:08:09.307705,2025-06-05T00:08:09.307705,sin_zona,8:00 a.m. - 6:00 p.m.
5a2c6ea0-0857-4f93-ac5a-c34c1bc8a581,"Cliente 197 - 24CW+WC Lurigancho-Chosica, Peru",cliente,"(-76.853887,-11.977668)",2025-06-05T00:08:09.424723,2025-06-05T00:08:09.424723,sin_zona,8:00 a.m. - 6:00 p.m.
dfb6b605-3e25-4916-bd48-24c80680e3e9,Cliente 198 - 57V4MRG3+9Q,cliente,"(-77.195553,-12.324061)",2025-06-05T00:08:09.495258,2025-06-05T00:08:09.495258,sin_zona,8:00 a.m. - 6:00 p.m.
1bdf0817-be06-4519-a642-3dfde9b32f70,"Cliente 199 - R5CG+XH Pachacamac, Peru",cliente,"(-76.823552,-12.177605)",2025-06-05T00:08:09.605379,2025-06-05T00:08:09.605379,sin_zona,8:00 a.m. - 6:00 p.m.
065cfb02-040f-4723-b995-4c498c52f557,"Cliente 200 - 2VPV+J74, Av. El Sol de Naranjal, San Martín de Porres 15112, Peru",cliente,"(-77.107105,-11.963629)",2025-06-05T00:08:09.693239,2025-06-05T00:08:09.693239,sin_zona,8:00 a.m. - 6:00 p.m.
9bd29b12-2b8a-4188-b786-db4a1b4719e1,"Cliente 201 - 7VQ2+MR Ancón, Peru",cliente,"(-77.147922,-11.710836)",2025-06-05T00:08:09.807614,2025-06-05T00:08:09.807614,sin_zona,8:00 a.m. - 6:00 p.m.
71d22021-41ce-4b5e-b2e8-bae683336abb,Cliente 202 - 57V5H27C+7C,cliente,"(-76.978914,-12.436864)",2025-06-05T00:08:09.897596,2025-06-05T00:08:09.897596,sin_zona,8:00 a.m. - 6:00 p.m.
14c21ad7-5e7c-4e81-b959-d624b8a73eba,"Cliente 203 - W3RP+FV Ate, Peru",cliente,"(-76.912832,-12.058771)",2025-06-05T00:08:09.975394,2025-06-05T00:08:09.975394,sin_zona,8:00 a.m. - 6:00 p.m.
aff16ce3-8c5c-4721-a8f2-f2da6d461ef6,"Cliente 204 - V46J+QV, Pachacamac 15594, Peru",cliente,"(-76.866891,-12.138499)",2025-06-05T00:08:10.067787,2025-06-05T00:08:10.067787,sin_zona,8:00 a.m. - 6:00 p.m.
1c6a33d1-cde5-43e6-9543-51c9df49dd3c,Cliente 205 - 57V4GWQQ+P8,cliente,"(-77.061696,-12.460648)",2025-06-05T00:08:10.152667,2025-06-05T00:08:10.152667,sin_zona,8:00 a.m. - 6:00 p.m.
e9a9c8ad-8352-49a3-9ee7-7b958023caa6,Cliente 206 - 57V4GV5J+M3,cliente,"(-77.119854,-12.490834)",2025-06-05T00:08:10.220544,2025-06-05T00:08:10.220544,sin_zona,8:00 a.m. - 6:00 p.m.
62bb0798-427c-47ac-8cc4-a6a45c32ed60,"Cliente 207 - Av. P.º de la República 5665, Miraflores 15047, Peru",cliente,"(-77.025075,-12.121403)",2025-06-05T00:08:10.332678,2025-06-05T00:08:10.332678,sin_zona,8:00 a.m. - 6:00 p.m.
d08f2a36-6095-4526-aa14-956ffea4d332,"Cliente 208 - 4V48+53J, Ventanilla 07061, Peru",cliente,"(-77.135998,-11.894509)",2025-06-05T00:08:10.428363,2025-06-05T00:08:10.428363,sin_zona,8:00 a.m. - 6:00 p.m.
493710a6-0b62-44a9-81dd-62f23f4ce13a,"Cliente 209 - 727M+JF Carabayllo, Peru",cliente,"(-76.96631,-11.735961)",2025-06-05T00:08:10.552093,2025-06-05T00:08:10.552093,Carabayllo,8:00 a.m. - 6:00 p.m.
edbfd6c8-4875-43e0-a975-79cb9562314a,"Cliente 210 - 75CW+X9 Carabayllo, Peru",cliente,"(-76.804008,-11.72761)",2025-06-05T00:08:10.655348,2025-06-05T00:08:10.655348,Carabayllo,8:00 a.m. - 6:00 p.m.
7f2fe946-c756-426b-aa41-581e835ea45d,"Cliente 211 - 72V9+H7 El Olivar, Peru",cliente,"(-76.981804,-11.706097)",2025-06-05T00:08:10.754727,2025-06-05T00:08:10.754727,sin_zona,8:00 a.m. - 6:00 p.m.
62d8ec00-dca3-4764-859b-012bd46771de,Cliente 212 - 57V4GVRX+9V,cliente,"(-77.100315,-12.459096)",2025-06-05T00:08:10.828927,2025-06-05T00:08:10.828927,sin_zona,8:00 a.m. - 6:00 p.m.
aeca82b4-60ef-4d6c-aa6b-4cd0709d7790,Cliente 213 - 57V5G2FG+4R,cliente,"(-76.972905,-12.477143)",2025-06-05T00:08:10.911726,2025-06-05T00:08:10.911726,sin_zona,8:00 a.m. - 6:00 p.m.
b6d4663e-c52f-4b21-8ef3-a35c0588e0eb,"Cliente 214 - C. Independencia 567, Miraflores 15074, Peru",cliente,"(-77.032374,-12.11422)",2025-06-05T00:08:11.015261,2025-06-05T00:08:11.015261,sin_zona,8:00 a.m. - 6:00 p.m.
3109ec84-2b73-481e-843b-badc3f9a36da,"Cliente 215 - M3Q4+HV Lurin, Peru",cliente,"(-76.942771,-12.311029)",2025-06-05T00:08:11.110681,2025-06-05T00:08:11.110681,sin_zona,8:00 a.m. - 6:00 p.m.
81e6a1b6-2da4-403f-bab9-b9a7fcde9cb9,"Cliente 216 - 72P6+9J Carabayllo, Peru",cliente,"(-76.988416,-11.714105)",2025-06-05T00:08:11.187531,2025-06-05T00:08:11.187531,Carabayllo,8:00 a.m. - 6:00 p.m.
d46ecb2d-6048-4a92-9420-5d824a64ee0a,"Cliente 217 - RXQ7+M3 Chorrillos, Peru",cliente,"(-77.037265,-12.160817)",2025-06-05T00:08:11.316451,2025-06-05T00:08:11.316451,sin_zona,8:00 a.m. - 6:00 p.m.
f8ca6e62-f231-48db-a6ac-90917e0e70f8,Cliente 218 - 57V4MR56+H3,cliente,"(-77.189794,-12.341108)",2025-06-05T00:08:11.386537,2025-06-05T00:08:11.386537,sin_zona,8:00 a.m. - 6:00 p.m.
905844cc-6b4d-4286-90bc-1bd613f6f0c7,Cliente 219 - 57V4GR4W+HF,cliente,"(-77.153795,-12.493561)",2025-06-05T00:08:11.457721,2025-06-05T00:08:11.457721,sin_zona,8:00 a.m. - 6:00 p.m.
8fc2bc97-bddd-40b8-a7c1-b31348051eec,Cliente 220 - 57V4JW7G+7W,cliente,"(-77.072717,-12.386806)",2025-06-05T00:08:11.545377,2025-06-05T00:08:11.545377,sin_zona,8:00 a.m. - 6:00 p.m.
22c5ac7d-360d-4536-883f-4460395a4cc2,"Cliente 221 - RV5W+FJ Chorrillos, Peru",cliente,"(-77.103387,-12.191344)",2025-06-05T00:08:11.644566,2025-06-05T00:08:11.644566,sin_zona,8:00 a.m. - 6:00 p.m.
e24e7796-5d1c-4092-b8ea-b98824f531dd,"Cliente 222 - Av. 28 de Julio 571-A, Carmen de La Legua - Reynoso 07006, Peru",cliente,"(-77.093257,-12.044175)",2025-06-05T00:08:11.743254,2025-06-05T00:08:11.743254,sin_zona,8:00 a.m. - 6:00 p.m.
a5b0edb9-2826-4651-b18c-9eb402b875cc,"Cliente 223 - Ferrocarril 653, Villa María del Triunfo 15822, Peru",cliente,"(-76.903189,-12.208184)",2025-06-05T00:08:11.840766,2025-06-05T00:08:11.840766,sin_zona,8:00 a.m. - 6:00 p.m.
6157a3c9-7b95-4df4-8deb-770c0c899ae0,"Cliente 224 - 4VV7+6Q7, Ventanilla 07066, Peru",cliente,"(-77.134759,-11.856874)",2025-06-05T00:08:11.934986,2025-06-05T00:08:11.934986,sin_zona,8:00 a.m. - 6:00 p.m.
ddaa9f94-fe6f-43d2-9de6-7ae537897673,"Cliente 225 - 6W7C+F3 Ancón, Peru",cliente,"(-77.079814,-11.786286)",2025-06-05T00:08:12.036602,2025-06-05T00:08:12.036602,sin_zona,8:00 a.m. - 6:00 p.m.
7f55296f-64e0-4048-a188-5b5314568830,"Cliente 226 - 6RC9+GC Ancón, Peru",cliente,"(-77.181447,-11.778676)",2025-06-05T00:08:12.229881,2025-06-05T00:08:12.229881,sin_zona,8:00 a.m. - 6:00 p.m.
b4ac7e45-7140-4afc-97bd-4c392d082f1d,"Cliente 227 - 75V2+X3 Yangas, Peru",cliente,"(-76.849763,-11.705038)",2025-06-05T00:08:12.361522,2025-06-05T00:08:12.361522,sin_zona,8:00 a.m. - 6:00 p.m.
142f0877-76ca-4e98-88af-0a067d3fb6be,Cliente 228 - 57V4JR65+H6,cliente,"(-77.191982,-12.388538)",2025-06-05T00:08:12.432538,2025-06-05T00:08:12.432538,sin_zona,8:00 a.m. - 6:00 p.m.
b15318a6-32de-42c9-a93d-0d2970e411d0,"Cliente 229 - JXQR+7W Lurin, Peru",cliente,"(-77.007696,-12.361751)",2025-06-05T00:08:12.522583,2025-06-05T00:08:12.522583,sin_zona,8:00 a.m. - 6:00 p.m.
6961c6c7-5837-4fc0-99e4-52ffa09fd4dc,"Cliente 230 - W33J+PG La Molina, Peru",cliente,"(-76.918742,-12.095662)",2025-06-05T00:08:12.619705,2025-06-05T00:08:12.619705,sin_zona,8:00 a.m. - 6:00 p.m.
7644961a-69fc-476b-ab70-d124e22979cc,"Cliente 231 - 7V9F+7C Ancón, Peru",cliente,"(-77.126388,-11.731873)",2025-06-05T00:08:12.733033,2025-06-05T00:08:12.733033,sin_zona,8:00 a.m. - 6:00 p.m.
73777140-a1dd-4f5f-a6f1-8f1069ccd4fc,"Cliente 232 - 62JG+RX Carabayllo, Peru",cliente,"(-76.972527,-11.7679)",2025-06-05T00:08:12.831351,2025-06-05T00:08:12.831351,Carabayllo,8:00 a.m. - 6:00 p.m.
2970f1f8-4a40-4811-a178-6dd46bd83b50,"Cliente 233 - RWFG+MM Chorrillos, Peru",cliente,"(-77.073289,-12.175807)",2025-06-05T00:08:12.932545,2025-06-05T00:08:12.932545,sin_zona,8:00 a.m. - 6:00 p.m.
6152c134-b0cb-4d02-b40e-a3e5606e52f6,"Cliente 234 - 6VVC+VQ Ancón, Peru",cliente,"(-77.128085,-11.755344)",2025-06-05T00:08:13.072551,2025-06-05T00:08:13.072551,sin_zona,8:00 a.m. - 6:00 p.m.
94d07940-bb17-4c73-b5fd-9514fe79f75a,"Cliente 235 - 42Q7+7W Carabayllo, Peru",cliente,"(-76.98525,-11.861819)",2025-06-05T00:08:13.154681,2025-06-05T00:08:13.154681,Carabayllo,8:00 a.m. - 6:00 p.m.
280677a0-f899-4948-b5ae-85d6d86f028d,"Cliente 236 - P5WH+F8, Lurin 15823, Peru",cliente,"(-76.821102,-12.254345)",2025-06-05T00:08:13.239726,2025-06-05T00:08:13.239726,sin_zona,8:00 a.m. - 6:00 p.m.
cf7be525-e6f8-4428-8dc1-c4ebbfadf61f,"Cliente 237 - WR8H+2J La Punta, Peru",cliente,"(-77.170889,-12.084973)",2025-06-05T00:08:13.370537,2025-06-05T00:08:13.370537,sin_zona,8:00 a.m. - 6:00 p.m.
53413fe7-09ca-4042-8806-1af653feb000,"Cliente 238 - MW6V+X9 Chorrillos, Peru",cliente,"(-77.056515,-12.337525)",2025-06-05T00:08:13.478738,2025-06-05T00:08:13.478738,sin_zona,8:00 a.m. - 6:00 p.m.
bb6075f9-a6f1-4bd7-aad8-279e09294e14,"Cliente 239 - Q57V+M2 Lurin, Peru",cliente,"(-76.807393,-12.235774)",2025-06-05T00:08:13.558728,2025-06-05T00:08:13.558728,sin_zona,8:00 a.m. - 6:00 p.m.
e95106e7-2699-49e0-8fdf-30ec62675302,Cliente 240 - 57V4HXVW+G4,cliente,"(-77.004638,-12.406244)",2025-06-05T00:08:13.648648,2025-06-05T00:08:13.648648,sin_zona,8:00 a.m. - 6:00 p.m.
ba4ee03e-8a5a-4ae0-adbd-fa8a636c4d8f,"Cliente 241 - XV7C+XM4, Av. Nestor Gambetta, Callao 07046, Peru",cliente,"(-77.128371,-12.035241)",2025-06-05T00:08:13.743358,2025-06-05T00:08:13.743358,sin_zona,8:00 a.m. - 6:00 p.m.
ad4988ff-0f90-4bc2-9569-2e6b086287b4,"Cliente 242 - P28J+7C Lurin, Peru",cliente,"(-76.968928,-12.284272)",2025-06-05T00:08:13.835295,2025-06-05T00:08:13.835295,sin_zona,8:00 a.m. - 6:00 p.m.
b7e6a32a-f464-401d-8072-c04c442cc994,"Cliente 243 - F2, Chorrillos 15066, Peru",cliente,"(-77.024799,-12.194536)",2025-06-05T00:08:13.933285,2025-06-05T00:08:13.933285,sin_zona,8:00 a.m. - 6:00 p.m.
52047953-f7bd-4ff9-a24d-edbe611fb8c7,"Cliente 244 - Ángel Valenzuela 852, Lima 15088, Peru",cliente,"(-77.069573,-12.062956)",2025-06-05T00:08:14.035545,2025-06-05T00:08:14.035545,Lima,8:00 a.m. - 6:00 p.m.
983e0159-3067-442f-ab4c-9c10b8b4a49a,"Cliente 245 - 42CH+88 Carabayllo, Peru",cliente,"(-76.971646,-11.879127)",2025-06-05T00:08:14.149704,2025-06-05T00:08:14.149704,Carabayllo,8:00 a.m. - 6:00 p.m.
6fc7f89f-f2dc-4222-a41c-a604d4588dd3,"Cliente 246 - Angamos, San Borja 15037, Peru",cliente,"(-76.99384,-12.110943)",2025-06-05T00:08:14.251603,2025-06-05T00:08:14.251603,sin_zona,8:00 a.m. - 6:00 p.m.
7dbf39fc-afbe-4280-b5ce-b6ccd6cdd87d,"Cliente 247 - PW52+GX Chorrillos, Peru",cliente,"(-77.097613,-12.29113)",2025-06-05T00:08:14.345856,2025-06-05T00:08:14.345856,sin_zona,8:00 a.m. - 6:00 p.m.
05864a0e-6367-45f9-832d-d92035053f0b,"Cliente 248 - 64CH+3W El Olivar, Peru",cliente,"(-76.870205,-11.779866)",2025-06-05T00:08:14.445744,2025-06-05T00:08:14.445744,sin_zona,8:00 a.m. - 6:00 p.m.
97aa6fe7-7095-4ce8-b0ba-ad2863db11e5,"Cliente 249 - Carabayllo Mz S Lote 20, Carabayllo 15122, Peru",cliente,"(-77.069934,-11.829335)",2025-06-05T00:08:14.547739,2025-06-05T00:08:14.547739,Carabayllo,8:00 a.m. - 6:00 p.m.
b4ff69cd-71f2-4094-b3f0-b5c14e687980,"Cliente 250 - RV28+3H Chorrillos, Peru",cliente,"(-77.133586,-12.199836)",2025-06-05T00:08:14.645807,2025-06-05T00:08:14.645807,sin_zona,8:00 a.m. - 6:00 p.m.
ddf99b6e-7434-463e-b637-16f1e3961ea9,"Cliente 251 - M4PG+R4 Lurin, Peru",cliente,"(-76.874638,-12.312954)",2025-06-05T00:08:14.737730,2025-06-05T00:08:14.737730,sin_zona,8:00 a.m. - 6:00 p.m.
491d02c8-f973-494a-b665-2e71f03ea154,"Cliente 252 - P32R+X9 Lurin, Peru",cliente,"(-76.909101,-12.297552)",2025-06-05T00:08:14.831996,2025-06-05T00:08:14.831996,sin_zona,8:00 a.m. - 6:00 p.m.
e32c9f71-6a5b-46ab-9d9c-47b952e4d299,"Cliente 253 - Av. Vista Alegre 3402, Carabayllo 15121, Peru",cliente,"(-77.065548,-11.853251)",2025-06-05T00:08:14.930695,2025-06-05T00:08:14.930695,Carabayllo,8:00 a.m. - 6:00 p.m.
975f04eb-4e45-4e39-aca9-582d4670e779,"Cliente 254 - Javier Heraud 531, Lima 15008, Peru",cliente,"(-76.978732,-12.043768)",2025-06-05T00:08:15.031950,2025-06-05T00:08:15.031950,Lima,8:00 a.m. - 6:00 p.m.
d8eb275d-ed1a-4d13-b68f-d6b8d9a9bddb,"Cliente 255 - QWH9+9J Chorrillos, Peru",cliente,"(-77.080994,-12.22161)",2025-06-05T00:08:15.128687,2025-06-05T00:08:15.128687,sin_zona,8:00 a.m. - 6:00 p.m.
43f87f61-db49-4fa5-8feb-4bc76baf4863,"Cliente 256 - 6WVV+Q7 Ancón, Peru",cliente,"(-77.056817,-11.755604)",2025-06-05T00:08:15.210619,2025-06-05T00:08:15.210619,sin_zona,8:00 a.m. - 6:00 p.m.
8f493f2b-33bf-4a8a-82ee-bcb705cecd9c,"Cliente 257 - WV46+WG Callao, Peru",cliente,"(-77.138676,-12.092674)",2025-06-05T00:08:15.307741,2025-06-05T00:08:15.307741,sin_zona,8:00 a.m. - 6:00 p.m.
0d67c04f-753f-4494-ba89-c5070eab89f4,"Cliente 258 - Calle Bellavista urb.oquendo MZA B11 lote 16, Callao 07031, Peru",cliente,"(-77.121993,-11.979237)",2025-06-05T00:08:15.412712,2025-06-05T00:08:15.412712,sin_zona,8:00 a.m. - 6:00 p.m.
b5faf115-0ccd-43e7-8f0b-942baba7fab1,"Cliente 259 - M3GP+P7 Lurin, Peru",cliente,"(-76.914294,-12.323208)",2025-06-05T00:08:15.501746,2025-06-05T00:08:15.501746,sin_zona,8:00 a.m. - 6:00 p.m.
0a44a4d5-fb73-421b-866b-52e4c889eb8e,"Cliente 260 - X582+H6 Ate, Peru",cliente,"(-76.849428,-12.033601)",2025-06-05T00:08:15.586743,2025-06-05T00:08:15.586743,sin_zona,8:00 a.m. - 6:00 p.m.
3ceb270a-e06c-4902-8b6f-8531851eb5d3,Cliente 261 - 57V4JVW7+F7,cliente,"(-77.136774,-12.353763)",2025-06-05T00:08:15.677787,2025-06-05T00:08:15.677787,sin_zona,8:00 a.m. - 6:00 p.m.
8222f23d-7746-4ceb-a804-55679a361710,"Cliente 262 - 6VPV+4Q Ancón, Peru",cliente,"(-77.10556,-11.764737)",2025-06-05T00:08:15.757623,2025-06-05T00:08:15.757623,sin_zona,8:00 a.m. - 6:00 p.m.
5a5c4510-49ec-41f2-af3d-1803b592a551,"Cliente 263 - Jose M. Eguren 162, Carabayllo 15318, Peru",cliente,"(-77.033438,-11.895259)",2025-06-05T00:08:15.859717,2025-06-05T00:08:15.859717,Carabayllo,8:00 a.m. - 6:00 p.m.
95f3c108-80ba-4379-b50f-9f1c62479160,Cliente 264 - 57V4GWRX+JJ,cliente,"(-77.050935,-12.458386)",2025-06-05T00:08:15.945698,2025-06-05T00:08:15.945698,sin_zona,8:00 a.m. - 6:00 p.m.
75ddc0c8-b0a8-43a3-b38c-b0a686a9a3dc,"Cliente 265 - QRHC+V5 Chorrillos, Peru",cliente,"(-77.179599,-12.220306)",2025-06-05T00:08:16.059703,2025-06-05T00:08:16.059703,sin_zona,8:00 a.m. - 6:00 p.m.
7f0bdc22-132f-4f42-9480-7e4d59eb424c,"Cliente 266 - P2J2+H6 Chorrillos, Peru",cliente,"(-76.99943,-12.268543)",2025-06-05T00:08:16.165235,2025-06-05T00:08:16.165235,sin_zona,8:00 a.m. - 6:00 p.m.
621e9346-21e3-4b28-b389-09281668ce90,"Cliente 267 - 7W52+GX Ancón, Peru",cliente,"(-77.097594,-11.741182)",2025-06-05T00:08:16.244855,2025-06-05T00:08:16.244855,sin_zona,8:00 a.m. - 6:00 p.m.
4ac1dc61-522c-4983-a948-c4476db491f7,Cliente 268 - 57W565J9+PC,cliente,"(-76.831479,-11.768222)",2025-06-05T00:08:16.351643,2025-06-05T00:08:16.351643,sin_zona,8:00 a.m. - 6:00 p.m.
b3713e02-de64-4d1b-afd4-a98bb736e7b0,"Cliente 269 - M4FH+M3 Lurin, Peru",cliente,"(-76.872318,-12.32584)",2025-06-05T00:08:16.447665,2025-06-05T00:08:16.447665,sin_zona,8:00 a.m. - 6:00 p.m.
b48193eb-2027-44e8-a91a-bc26afd99783,"Cliente 270 - H2WG+F5 Lurin, Peru",cliente,"(-76.974599,-12.403751)",2025-06-05T00:08:16.540573,2025-06-05T00:08:16.540573,sin_zona,8:00 a.m. - 6:00 p.m.
d5132872-9f32-4c68-8a9e-25f81dcfea75,"Cliente 271 - 52M3+CWW, Carabayllo 15320, Peru",cliente,"(-76.995657,-11.817553)",2025-06-05T00:08:16.634373,2025-06-05T00:08:16.634373,Carabayllo,8:00 a.m. - 6:00 p.m.
68daef07-5ddc-477c-8ece-e732b3e98fdd,"Cliente 272 - 5X67+MC Carabayllo, Peru",cliente,"(-77.036446,-11.83829)",2025-06-05T00:08:16.726731,2025-06-05T00:08:16.726731,Carabayllo,8:00 a.m. - 6:00 p.m.
5c2811c2-b5d1-4036-a289-ec5d0acb4bb3,"Cliente 273 - P329+43 Lurin, Peru",cliente,"(-76.932261,-12.299655)",2025-06-05T00:08:16.821329,2025-06-05T00:08:16.821329,sin_zona,8:00 a.m. - 6:00 p.m.
4b16ee6a-e04d-43e2-9cda-9220b7724ee8,"Cliente 274 - 6W54+R8 Ancón, Peru",cliente,"(-77.094171,-11.790411)",2025-06-05T00:08:16.918728,2025-06-05T00:08:16.918728,sin_zona,8:00 a.m. - 6:00 p.m.
6c89e2d7-e405-4820-aa1a-c7db01ae15d8,"Cliente 275 - M5J5+C4 Punta Hermosa, Peru",cliente,"(-76.842197,-12.318914)",2025-06-05T00:08:17.046729,2025-06-05T00:08:17.046729,sin_zona,8:00 a.m. - 6:00 p.m.
2b7d5130-bbce-4bf9-bcc2-108755ffc263,"Cliente 276 - 2R7C+8C Callao, Peru",cliente,"(-77.17892,-11.986726)",2025-06-05T00:08:17.139169,2025-06-05T00:08:17.139169,sin_zona,8:00 a.m. - 6:00 p.m.
6d16228d-4793-46c3-9209-9af6703f936a,"Cliente 277 - 4RJ5+6J Ventanilla, Peru",cliente,"(-77.190888,-11.869464)",2025-06-05T00:08:17.228006,2025-06-05T00:08:17.228006,sin_zona,8:00 a.m. - 6:00 p.m.
2348907f-be55-42ac-bb20-976989512aac,"Cliente 278 - 3WVG+MQ, Puente Piedra 15117, Peru",cliente,"(-77.073577,-11.904532)",2025-06-05T00:08:17.319953,2025-06-05T00:08:17.319953,sin_zona,8:00 a.m. - 6:00 p.m.
a750f6e4-bb72-45b2-b68b-16bca67eba9e,"Cliente 279 - VWHH+58 San Isidro, Peru",cliente,"(-77.07169,-12.122113)",2025-06-05T00:08:17.424133,2025-06-05T00:08:17.424133,sin_zona,8:00 a.m. - 6:00 p.m.
dcc62e19-ad73-48f6-a6d7-d8e71eee17b0,"Cliente 280 - V3G7+64 Villa María del Triunfo, Peru",cliente,"(-76.937206,-12.12438)",2025-06-05T00:08:17.514328,2025-06-05T00:08:17.514328,sin_zona,8:00 a.m. - 6:00 p.m.
09651616-c8a0-4dd4-8967-e2b0e944d2b4,"Cliente 281 - 55MQ+6J San Antonio, Peru",cliente,"(-76.811,-11.816989)",2025-06-05T00:08:17.593877,2025-06-05T00:08:17.593877,sin_zona,8:00 a.m. - 6:00 p.m.
47de10dd-7a53-4536-980b-5b0c31bc6e53,"Cliente 282 - 7RH3+97 Ancón, Peru",cliente,"(-77.196872,-11.72162)",2025-06-05T00:08:17.699705,2025-06-05T00:08:17.699705,sin_zona,8:00 a.m. - 6:00 p.m.
5ea5199d-94b6-4cac-8e77-aa8808c379b8,"Cliente 283 - G3W6+6J Pucusana, Peru",cliente,"(-76.938416,-12.454475)",2025-06-05T00:08:17.792402,2025-06-05T00:08:17.792402,sin_zona,8:00 a.m. - 6:00 p.m.
83899fb4-104d-425c-9cf8-7836da1bb9bd,"Cliente 284 - 5R2F+QW Ventanilla, Peru",cliente,"(-77.175202,-11.848064)",2025-06-05T00:08:17.887708,2025-06-05T00:08:17.887708,sin_zona,8:00 a.m. - 6:00 p.m.
c29a16eb-ba4d-4aba-9d83-70ecc657a4cf,"Cliente 285 - J2HH+C6 Lurin, Peru",cliente,"(-76.971943,-12.371439)",2025-06-05T00:08:17.988731,2025-06-05T00:08:17.988731,sin_zona,8:00 a.m. - 6:00 p.m.
32e2e828-9089-4096-9f34-779d54739536,"Cliente 286 - Ca. Claude Sahut 179, Lima 15036, Peru",cliente,"(-77.005863,-12.111077)",2025-06-05T00:08:18.103706,2025-06-05T00:08:18.103706,Lima,8:00 a.m. - 6:00 p.m.
fa7cd5da-6a3b-4bbd-ad0d-641a08066441,Cliente 287 - 57V4JVQF+CR,cliente,"(-77.125474,-12.361461)",2025-06-05T00:08:18.194677,2025-06-05T00:08:18.194677,sin_zona,8:00 a.m. - 6:00 p.m.
7a02c554-d5f2-4289-8a4b-3a96395c9587,"Cliente 288 - 7W4C+WH Ancón, Peru",cliente,"(-77.078511,-11.742631)",2025-06-05T00:08:18.280511,2025-06-05T00:08:18.280511,sin_zona,8:00 a.m. - 6:00 p.m.
4e2d3071-ba55-4aba-9a5b-e9a77b6339bc,"Cliente 289 - La Calera 127, Ate 15022, Peru",cliente,"(-76.986037,-12.06277)",2025-06-05T00:08:18.384661,2025-06-05T00:08:18.384661,sin_zona,8:00 a.m. - 6:00 p.m.
c8902c38-4cd5-4b6b-b943-4a35c949778b,"Cliente 290 - QRJR+9P Chorrillos, Peru",cliente,"(-77.158213,-12.219094)",2025-06-05T00:08:18.479264,2025-06-05T00:08:18.479264,sin_zona,8:00 a.m. - 6:00 p.m.
37571669-77d7-4d2b-9ea2-28d176bd639d,"Cliente 291 - Av. San Antonio MZ P2 LT 6A, Lurigancho-Chosica 15461, Peru",cliente,"(-76.940978,-11.971463)",2025-06-05T00:08:18.582578,2025-06-05T00:08:18.582578,sin_zona,8:00 a.m. - 6:00 p.m.
8c87aef2-515a-4ef7-a19e-f8b676632ecc,"Cliente 292 - VW38+98 Chorrillos, Peru",cliente,"(-77.08414,-12.146583)",2025-06-05T00:08:18.680561,2025-06-05T00:08:18.680561,sin_zona,8:00 a.m. - 6:00 p.m.
815eb6c9-2de9-4043-a713-3ddceb9e2f11,"Cliente 293 - P3QP+68 Lurin, Peru",cliente,"(-76.914207,-12.261948)",2025-06-05T00:08:18.768737,2025-06-05T00:08:18.768737,sin_zona,8:00 a.m. - 6:00 p.m.
2333bcbc-234c-4a2b-8054-8d91883ffc88,"Cliente 294 - Alfonso Ugarte 351, Lima 15093, Peru",cliente,"(-77.017434,-12.037945)",2025-06-05T00:08:18.873730,2025-06-05T00:08:18.873730,Lima,8:00 a.m. - 6:00 p.m.
10c78db6-cb1a-42e2-811e-605998eb8135,"Cliente 295 - 5XPM+GH Carabayllo, Peru",cliente,"(-77.016066,-11.813629)",2025-06-05T00:08:18.981126,2025-06-05T00:08:18.981126,Carabayllo,8:00 a.m. - 6:00 p.m.
8032f48c-1cd0-4000-918a-43da2619fef9,"Cliente 296 - Avenida Industrias Unidas 298, Ancón 15123, Peru",cliente,"(-77.160068,-11.759845)",2025-06-05T00:08:19.079628,2025-06-05T00:08:19.079628,sin_zona,8:00 a.m. - 6:00 p.m.
7ba83210-ec24-4862-9b45-ddfb47d8557c,"Cliente 297 - PVVH+GC Chorrillos, Peru",cliente,"(-77.121476,-12.256129)",2025-06-05T00:08:19.171837,2025-06-05T00:08:19.171837,sin_zona,8:00 a.m. - 6:00 p.m.
255f56b1-1902-4a55-92f0-8a38ce041c0d,"Cliente 298 - 43MX+CH San Antonio, Peru",cliente,"(-76.90104,-11.866496)",2025-06-05T00:08:19.272981,2025-06-05T00:08:19.272981,sin_zona,8:00 a.m. - 6:00 p.m.
052f6b56-c5fd-4016-9595-852c60c909ed,"Cliente 299 - 4V22+32 Ventanilla, Peru",cliente,"(-77.149921,-11.899843)",2025-06-05T00:08:19.405743,2025-06-05T00:08:19.405743,sin_zona,8:00 a.m. - 6:00 p.m.
e4f0dbde-b18c-4cc1-81ff-fe29d5d17b0b,"Cliente 300 - QWM3+5R Chorrillos, Peru",cliente,"(-77.095407,-12.217025)",2025-06-05T00:08:19.502695,2025-06-05T00:08:19.502695,sin_zona,8:00 a.m. - 6:00 p.m.
