id_resultado_condicion_despacho,resultado_autorizacion,observaciones,id_usuario,fecha_autorizacion
21fcaf2c-aadd-4e17-8608-b5777da80a66,False,Incidunt eveniet quo atque corporis.,b14ea5f3-7d91-4262-aff6-6b8f19576ae3,2025-06-01T01:13:19.652612
c68b22b3-636c-48c2-a4c2-f4b319bffb14,False,Ut sit eveniet doloribus nihil.,8638df49-1364-41a7-ba79-e6643e912ca4,2025-06-01T01:13:19.652612
ea2827ce-451a-40d4-b98a-a39b3c336b5a,False,Distinctio ad ducimus voluptatibus adipisci dicta.,097cb2f6-bc8e-4ad5-927f-7a25a23f61f3,2025-06-01T01:21:19.652612
f6c3f976-8918-487e-b1f0-7eda98aae379,False,Libero repudiandae vitae possimus hic quisquam voluptatibus.,70d573f4-c60d-4f10-b1bf-06c473782203,2025-06-01T01:20:19.652612
b0ce6e3f-1e9e-4d17-a47d-335c61b250a4,False,Tenetur dolores ex architecto ratione numquam rerum.,af241b4e-fcc3-4c96-8119-8c4119ace35e,2025-06-01T01:13:19.652612
8ecec57b-8dfa-412d-8112-30ba5eed8449,False,Animi doloremque placeat cumque.,b759050f-accc-49b1-95f9-be7a930aae8b,2025-06-01T00:56:19.652612
9ba2d25d-2bca-477a-84ef-93b52d285b84,False,Totam odio officiis similique.,4086ce7b-6943-4ff7-bc1b-94a7039ea50c,2025-06-01T00:55:19.652612
beb549db-178e-449e-ab9f-72a2336f403c,False,Voluptatum dicta debitis eum.,5ecf6353-f300-45db-b30c-01edc66c3b26,2025-06-01T01:14:19.652612
6e2b542f-2f22-4b6a-876c-f09751e62419,False,Minima eum doloremque doloremque consectetur quas.,044af920-ae5b-448c-a146-20db6d383604,2025-06-01T01:15:19.652612
f4d245d4-054b-42da-ab36-44d73ef65ca3,False,Quisquam veritatis ex adipisci non officiis deserunt laudantium.,0675298b-f135-4b90-ac9d-1f7919b7cd93,2025-06-01T01:34:19.652612
38ea08f5-38fe-4001-ae63-4c1f0e73245d,False,Quod dolores consectetur.,6a727750-f5ec-4342-8b03-07a0df3c39b9,2025-06-01T00:47:19.652612
7e653ca1-072e-4ce0-8a89-f84a9a72b767,False,Totam excepturi possimus sequi cumque voluptates et.,3d3ea4c7-d4cd-4afa-a416-bbb8ebefe34b,2025-06-01T01:29:19.652612
9f92e62b-c870-41c3-88cd-746f735bbd41,False,Esse exercitationem omnis cupiditate odit.,1881e4cd-7c8d-4a25-a4eb-2574558dc79f,2025-06-01T01:06:19.652612
3edf6e15-c5e9-4374-a25a-bca1fb346d67,False,Eligendi reiciendis quasi rerum.,06a4b920-2d83-452e-ac4a-961ba0dc0425,2025-06-01T01:20:19.652612
d455fe28-a1cb-488e-bb36-fd35a13a89b2,False,Nihil numquam ad officia quaerat voluptas.,4191b578-4181-4904-8aa2-91b7c9391ea8,2025-06-01T00:43:19.652612
92ac5cf0-c6a7-4cb7-8631-647f9eae1460,False,Voluptatum doloremque sapiente provident alias rerum atque.,3c0c078f-a7e7-4e71-beb9-924c6bb676b5,2025-06-01T01:12:19.652612
4c1d6f90-8b44-4a3f-9c13-bd04ad95c86e,False,Similique eum natus.,8f98c08f-06be-4d6c-9c4c-8bf0192d9985,2025-06-01T00:46:19.652612
e2c11bf0-87eb-4e15-a8cc-8d8154fe46d0,False,Sequi laudantium sequi itaque eius earum.,5791569d-38d9-4030-ad40-aa8b9fbd15cc,2025-06-01T01:25:19.652612
969e6e58-b37e-47ef-891b-5543dcf19aa5,False,Fuga expedita inventore nulla quisquam officia quasi.,85bcaf2d-12fa-4a5e-80ce-6ed72f911c46,2025-06-01T01:08:19.652612
f8073dc8-75ea-4679-9db8-40e5c5b51ca0,False,Aperiam officiis accusamus consequuntur quo dicta.,b2d82549-0531-4228-8f35-4e6709cec415,2025-06-01T00:54:19.652612
3683ecb6-86db-4519-8b03-2c18fda9d8b2,False,Quia sunt cum provident in suscipit.,d6f70c95-2281-4d1b-86ce-29ba140bc93c,2025-06-01T01:16:19.652612
57ccd166-ea82-434b-8fac-18a3dbdfecb3,False,Quidem illum adipisci perferendis consectetur quisquam.,221bac78-7ec4-4166-972a-6ed942a63279,2025-06-01T01:07:19.652612
f671edf3-688d-4ace-95ac-558f2e679e59,False,Omnis ipsa culpa ad ea magni.,99adc527-ee60-4295-b370-bfe4e910fe22,2025-06-01T01:23:19.652612
3c882adc-c9cf-4d30-ae98-0d24659a19e4,True,Perferendis ex soluta harum corporis at natus.,5dc4ffbb-4321-4219-aaf9-f3719ed232cb,2025-06-01T01:19:19.652612
976f6563-5297-4e1a-9a43-f121eea0b345,False,Nisi nam quia.,c2a7be29-5088-4402-a4ce-9a1b2bbf7ff5,2025-06-01T01:10:19.652612
dcbb0486-a257-404f-9304-65dd3a190bb6,False,Molestias adipisci nesciunt nobis amet.,fd85d3ac-6ad5-42fb-9fd3-77eabfe52bd3,2025-06-01T00:59:19.652612
8d5c875f-5013-4e4a-a44b-224f94da7402,False,Maiores culpa facilis deserunt magnam voluptas assumenda.,1afa0825-eae0-43c0-8b60-0473732076c8,2025-06-01T01:09:19.652612
3361176f-3e71-4eea-b2e4-628451836818,False,Perspiciatis adipisci officia beatae minus eveniet ut.,c2ffeea2-9ae1-43ec-8258-51430a479c0b,2025-06-01T01:04:19.652612
8503f280-c520-4b84-a8cb-1364f07e111d,False,Quis corrupti dolore corrupti expedita ipsum.,f66d52fa-fe6e-4b2b-a1f2-6326a800b286,2025-06-01T01:18:19.652612
423d74da-2c84-4771-9bc5-a581be3a476c,False,Adipisci quaerat quis debitis illum corrupti.,f34b490b-ca66-4f2d-b7b3-778b86951feb,2025-06-01T00:43:19.652612
cc01f3b6-089a-43df-be6d-1aa02a85ce91,False,Facilis sint dicta ducimus rerum iure sit ab.,63de5fda-90c0-4c72-b0b2-a82e92e65117,2025-06-01T01:29:19.652612
6a673bf2-8b91-40c8-b14a-6243580f9564,False,Suscipit aut ex delectus laborum.,97324d1f-aa3b-4f3e-8119-87e005f7deba,2025-06-01T01:03:19.652612
96d2b5a9-2bf3-441f-877b-03d81148caf9,False,Debitis unde sequi nemo culpa.,f6469f46-79b4-44d4-b214-c3e1267ba3a5,2025-06-01T01:15:19.652612
42a7f69f-913b-4be6-a27e-8cd2c61ab6d1,False,Rem itaque vero ex eius quasi consequuntur.,a9e9110c-3214-4c9e-ba21-e5ffa54d3bab,2025-06-01T00:58:19.652612
7375bad3-6630-4b9c-9f7a-ca47661b4908,False,Repudiandae praesentium officia voluptas.,8f98c08f-06be-4d6c-9c4c-8bf0192d9985,2025-06-01T01:05:19.652612
b82f7953-3510-4d1f-8095-7c01d2677c63,False,Iste adipisci neque tenetur temporibus voluptates non.,2540f804-8e5d-4b67-88d5-f55e4a494d55,2025-06-01T01:00:19.652612
b0a6851f-67e6-4a95-89bc-2677c36dff41,False,Praesentium harum amet earum recusandae.,445efb38-13d6-41b0-98e5-33354414c576,2025-06-01T01:23:19.652612
27994dbf-2850-4439-a58b-814c834a1e2c,False,Cumque corporis quo incidunt quaerat nostrum repellendus.,359326f9-b8b7-4849-a175-f93dd72d3f5b,2025-06-01T01:21:19.652612
6b2a04e1-5f3b-48d2-ae78-fa755df48248,False,Ducimus exercitationem at adipisci.,1dbac2d5-5649-4985-992e-7dce91bde3ec,2025-06-01T01:13:19.652612
29cb70b8-7e3e-4437-ab6c-3fbf3aa76d8b,False,Quibusdam ut perferendis error fugit.,044af920-ae5b-448c-a146-20db6d383604,2025-06-01T00:51:19.652612
725d9859-38a7-4e7e-aaa9-2480808355dd,False,Reiciendis corporis placeat nisi temporibus necessitatibus.,8f98c08f-06be-4d6c-9c4c-8bf0192d9985,2025-06-01T00:56:19.652612
1f79275b-b4ef-4536-af88-67e0e23eb0f8,False,Fugit praesentium illo voluptatibus atque.,78fc512d-a1ea-4d3f-b107-4e302ac4187d,2025-06-01T00:44:19.652612
739368f3-f084-408a-8853-2e0e4ba4b840,False,Iusto culpa ratione aspernatur possimus dignissimos.,91f65af7-bbd9-4494-8c3d-a3b8bcdf9e19,2025-06-01T00:57:19.652612
0a30397a-119d-49a1-ad89-93774a5b8764,False,Laudantium quasi praesentium numquam eligendi hic consectetur saepe.,9e2081ca-8843-4d8a-a0b0-bc2425736069,2025-06-01T00:55:19.652612
ec90ec83-eee4-4e5f-ac5b-ea90c89cb032,False,Exercitationem velit porro.,50f85fc1-e16f-487f-aae8-36521406ff81,2025-06-01T01:14:19.652612
ee81dfc7-7ba7-47e0-8ba3-69d8d7db2d34,False,Pariatur nemo quis sed consequuntur assumenda tenetur.,37da15e5-d690-4c14-98e6-ae918f2266c0,2025-06-01T01:14:19.652612
e5e27161-a5b5-4cce-a819-46376e435686,False,Consectetur maxime quis facilis porro.,a5c9a132-0d6d-4629-bc88-d7e3e8c688e7,2025-06-01T01:08:19.652612
60cf3b3b-bc49-4149-8e03-7c0d6a525166,False,Accusantium repudiandae alias vero.,3d12d450-ab72-4396-ae4d-7b4b48ed54aa,2025-06-01T01:02:19.652612
d6e73b54-c71a-484f-9c3e-8063361e5d22,False,Sapiente iusto officia cum eveniet tempore.,af7f1481-56f8-404d-9cc9-9c4127de250e,2025-06-01T01:26:19.652612
e5ec9662-ebab-4f7a-81bd-1f7a0d19c2ba,False,Sapiente qui soluta.,775fdc56-325a-464a-9c7c-3deb15cd1886,2025-06-01T00:50:19.652612
f9732ea1-7981-44b5-9e99-82f781900a91,False,Fuga iusto reprehenderit eum assumenda odio.,37245c6f-e2e8-4fa8-9f99-f53143a4ee3d,2025-06-01T01:21:19.652612
b069aacf-f66a-4a85-b4b0-4b67f5849653,False,Hic natus qui expedita sequi alias.,21d98432-0ba5-4855-b7e0-199d67c49934,2025-06-01T01:13:19.652612
ec067f05-912e-4dd8-a5b6-ec2e60027dc3,False,Animi modi maiores facere laboriosam at dolorum.,0843a809-9f88-4b65-88e0-c78db5c72b78,2025-06-01T01:01:19.652612
02d6cb13-1d0a-4fdb-87ae-7039bedaf5f1,False,Officiis dolore aliquid similique neque.,97324d1f-aa3b-4f3e-8119-87e005f7deba,2025-06-01T00:57:19.652612
7b90320c-ea35-409c-8dd3-21c58428a142,False,Dolorum alias aliquid quaerat eos et.,13f36ba8-2e3e-4280-8fd5-62aaea9a6e2b,2025-06-01T01:13:19.652612
dbc92e0f-0628-417c-aff1-66cde9ee3176,False,Voluptatibus repudiandae recusandae labore vel.,e1082cf1-0930-40d9-8249-a861364bdac4,2025-06-01T01:24:19.652612
ec62aa53-e82f-4f55-85b7-25ee8a168bdd,False,Dolorem veritatis dignissimos placeat ex.,445efb38-13d6-41b0-98e5-33354414c576,2025-06-01T00:56:19.652612
2086e58c-c2eb-48e4-b9bd-21a179100e07,False,Ab cumque ducimus aperiam ad esse.,1d5c27b1-9adb-45ad-b89b-742e10afc1ab,2025-06-01T01:11:19.652612
06772330-1866-44d6-9839-72ae40da6d10,False,Quos molestiae nulla eaque magni consequatur deserunt.,2ad8c2fd-4258-4dd1-aff6-9b3ebc320af0,2025-06-01T01:00:19.652612
447afc76-9762-4fd1-bd27-a01afd69abd8,False,Amet consectetur ad quos.,c27d113d-959d-4496-a042-d71fa91c3239,2025-06-01T01:16:19.652612
1837ae10-f981-4dc4-9a42-0a16ecfe2d3f,False,Libero quo cupiditate magni pariatur aspernatur iste.,a9ecb8c3-40d0-4761-8773-93f5fa62ab9e,2025-06-01T01:15:19.652612
e942f0e7-820c-4d14-a90e-7aa75edec24a,False,Vitae autem laboriosam velit.,1dbac2d5-5649-4985-992e-7dce91bde3ec,2025-06-01T01:07:19.652612
ccf715d1-fcf7-4e04-8527-c51385d8e751,False,Minus rem incidunt dicta ipsa illo doloribus.,6a727750-f5ec-4342-8b03-07a0df3c39b9,2025-06-01T01:33:19.652612
35055354-0633-407e-a10b-57a6fb5d7948,False,Nesciunt quae excepturi unde.,a13993ab-45d5-4e46-9abd-83b5714ea344,2025-06-01T01:11:19.652612
04e06f7e-9863-4e5d-9ccf-9e3742e5792a,False,Fugiat deleniti modi quibusdam magnam.,161511e7-0f2f-4569-a6eb-86adf3820449,2025-06-01T01:15:19.652612
9f966a48-2873-4760-9a12-c6392ad9013c,False,Iste vitae esse sunt modi.,1758b530-cb28-4b41-8fc5-ee8443200dd7,2025-06-01T01:28:19.652612
c41f2cf0-5e31-470e-bf79-e7975a0fbbf3,False,Voluptate nesciunt optio eos totam sed.,e1cd2056-ddc1-4203-9d6d-911eee509c13,2025-06-01T01:00:19.652612
950f1570-af80-47e0-9994-d12191751c07,False,Velit nisi eum veniam tempora.,a9ecb8c3-40d0-4761-8773-93f5fa62ab9e,2025-06-01T01:30:19.652612
32fed023-f52e-4c8c-bae4-cdaf7e9f30ba,False,Amet dicta perferendis accusamus omnis aperiam.,a193acd6-7ce0-4d77-9fc5-259d9a80c79a,2025-06-01T01:08:19.652612
c8faedb6-3cd4-4a09-abaf-1c4c6423a33d,False,Suscipit excepturi vitae totam.,4086ce7b-6943-4ff7-bc1b-94a7039ea50c,2025-06-01T00:55:19.652612
90f96a8f-3ec8-484f-92ce-1a91faf7f62d,False,Deserunt consectetur modi excepturi.,56c6189d-9412-4e39-9ea0-ec96463d5622,2025-06-01T01:22:19.652612
316c9a7a-261e-44ed-b35f-fd79a5f1aab3,False,Fuga sit perferendis sit.,fdafe91c-3460-4edf-828e-c6e65fa44856,2025-06-01T00:57:19.652612
b15186fd-f2e5-40f7-828c-c9508ee5f99b,False,Incidunt consequatur veritatis incidunt deleniti.,a059aa7d-5870-447e-85a5-a962d1ef0176,2025-06-01T01:18:19.652612
a867e32e-49a2-43c6-b876-0eb1870d1087,False,Itaque dolore facilis reiciendis rem voluptatum.,a9e9110c-3214-4c9e-ba21-e5ffa54d3bab,2025-06-01T00:55:19.652612
67201477-15c0-4a46-b9cb-6d62cf3ea2bc,False,Voluptatum quod ad voluptates.,001cc940-183d-42ae-b139-759a448d712b,2025-06-01T01:23:19.652612
aa9e52c0-df98-4596-9277-cc6bcb987422,False,Nulla quo in cumque impedit inventore sapiente eos.,513a64a6-c725-49c2-94c3-938f5ad32c00,2025-06-01T00:54:19.652612
0d38f2e2-eb65-4e46-a7fc-7d4e23024688,False,Eveniet tenetur nulla sed iure quibusdam cumque.,fee75ce3-2840-4715-ad14-73aa3be68876,2025-06-01T00:58:19.652612
6cc1d883-74aa-4968-aca3-a0c2e8618774,False,Consequatur debitis ut ratione accusantium esse.,481be87c-aa2a-4ee2-940d-e6c0a0583a38,2025-06-01T00:48:19.652612
731af536-b783-44d6-9ae8-4d46cc84dc4d,False,Dolore expedita maxime esse ex non.,2c931ddb-fbb2-4e1c-861c-14d3fabbac51,2025-06-01T00:56:19.652612
9378f193-6ed1-4b65-bb83-6a5951b10901,False,Deserunt non optio ipsum.,a4e35730-eb2f-4717-b7a6-22eb355364ab,2025-06-01T01:03:19.652612
cadd8eb3-4c86-4607-aa03-83268b7c3e9d,False,Excepturi in cupiditate.,c850b468-b051-48a3-8b0a-798e21169f83,2025-06-01T00:53:19.652612
64213cc3-7487-41c8-a430-a42fdad83c91,False,Cumque veritatis doloremque doloribus.,837fef48-f3af-41fc-af54-4677427a66b8,2025-06-01T01:14:19.652612
7937c221-cc50-4561-9901-0e19c4a70348,False,Alias modi quo blanditiis.,fee75ce3-2840-4715-ad14-73aa3be68876,2025-06-01T01:23:19.652612
541f2a3e-d937-4f81-a6b4-a96864122e44,True,Aspernatur fugiat cumque tempore voluptatibus.,f8e77acc-0671-43f6-a97a-203d592f9d13,2025-06-01T00:48:19.652612
c240c101-3fea-4c0b-9857-5639f45791dd,False,Dolorum ipsum mollitia voluptate accusamus delectus natus vitae.,9cbb24cd-cecd-4a85-ae6b-d3bbee01570f,2025-06-01T00:59:19.652612
6834ccad-2baa-4c1a-8688-f2fbebf8848b,False,Amet quia repudiandae nisi praesentium doloremque.,992353e1-ce25-4061-8661-be23f7427f8b,2025-06-01T01:11:19.652612
192c76a3-cbfd-4fa0-bc7f-61d1b9c07f7f,False,Reiciendis voluptatem delectus accusamus.,73509ad7-c973-4e87-a1a0-7d7cb22e1cbb,2025-06-01T01:29:19.652612
f941db2c-5335-41d9-aa71-7a7f682317e7,False,Aut placeat nulla odio quo maxime voluptate.,26a8ed80-550b-421b-92bd-450710d38016,2025-06-01T01:00:19.652612
93493b9d-fa00-4892-8c89-678890037b96,False,Modi facilis cum eum dignissimos.,2aa21b82-d67d-470d-bee8-30a139eab0e5,2025-06-01T01:09:19.652612
f96b7b29-8090-4ee7-9f95-0ab0b4362d04,False,Omnis architecto ratione voluptates.,f6469f46-79b4-44d4-b214-c3e1267ba3a5,2025-06-01T00:38:19.652612
fd36f1e2-af1c-41a1-9fe2-dcf3c2514953,False,Veritatis nulla neque placeat.,b11aadbd-d90f-474c-8787-6343c89975c1,2025-06-01T01:17:19.652612
cfed9b5a-0d80-4226-982f-52bd78b211df,False,Animi accusamus accusamus labore aspernatur cumque architecto.,52b51481-9e6a-4e7c-8101-03670ad7863d,2025-06-01T01:27:19.652612
8de1ec45-0db1-4c34-8a40-6bff26191ec9,False,Odio quisquam facilis facilis ipsum.,4191b578-4181-4904-8aa2-91b7c9391ea8,2025-06-01T01:01:19.652612
c2d54ac3-1e0a-42ec-a04a-9ca51fcc2f16,False,Minus suscipit repudiandae ducimus amet.,d3d4215d-2549-4a60-90ae-5673fe6147a2,2025-06-01T00:59:19.652612
e5cd6bfd-33ca-483d-9dba-5093a805c5a6,False,Nisi maxime consectetur architecto facere doloremque modi ab.,ec3320a9-69eb-480a-89cc-3ea03f271a1e,2025-06-01T01:22:19.652612
4c599e96-b9b9-4d6f-bf0d-d4fbfdef8cb7,False,Quod incidunt a quas voluptatem dolorem vitae.,f69b60e3-74d4-4f0b-be06-9ff54d84a66d,2025-06-01T00:45:19.652612
8bec4c98-5eb3-4eaf-ab0e-9246dc18e3f4,False,Dolorem dignissimos culpa harum assumenda harum earum veritatis.,a40d8039-d807-44a8-94de-e9bd1d8c7c68,2025-06-01T01:15:19.652612
f5c9aa25-47dc-49b2-92b2-e4d8dd9ee1c3,False,Accusamus ea consequuntur hic.,161511e7-0f2f-4569-a6eb-86adf3820449,2025-06-01T01:02:19.652612
6d4ca62a-004b-4f49-9c6a-b1c033468e4d,False,Dolor veritatis beatae cupiditate itaque sit.,f0e3c66b-8fd0-4f71-a396-241df9502712,2025-06-01T00:59:19.652612
390050e8-fd5d-4448-ae65-81db015287c2,True,Maiores nostrum reiciendis ducimus.,e1cd2056-ddc1-4203-9d6d-911eee509c13,2025-06-01T01:18:19.652612
4106e45a-927b-4c5f-b5fe-694eae1fb6d2,False,Quam soluta ratione nihil.,af7f1481-56f8-404d-9cc9-9c4127de250e,2025-06-01T01:12:19.652612
bd93b58b-1d47-4557-9ac9-be1f889d2e6c,False,Sunt sunt atque est.,2aa21b82-d67d-470d-bee8-30a139eab0e5,2025-06-01T00:53:19.652612
62c558b2-5bfd-48d3-b79e-71284b055542,False,Eaque animi modi distinctio doloribus tempora similique excepturi.,d6389ad0-ce17-413c-a613-6e7f80c22557,2025-06-01T01:18:19.652612
2ddfdea9-b6cf-4803-aefb-9b153a33bc04,False,Ab fugit ratione unde excepturi blanditiis.,27dc231e-8207-4cd0-a710-e5d138ef8bc2,2025-06-01T01:10:19.652612
0a160204-f06f-47b3-b3c8-23c0474a808f,False,Beatae voluptates debitis occaecati illo a voluptas.,810195da-8f81-4eb5-8540-15b843d18f0d,2025-06-01T01:12:19.652612
54368175-75cc-4389-870d-6ab497392e78,False,Voluptate architecto ut.,1aee7c47-fefe-4906-a355-b6e72117fef4,2025-06-01T01:16:19.652612
aee78349-8e5c-42f2-86f6-1718c33b576d,False,Laboriosam recusandae deserunt cum voluptatem magni.,340d4655-9af1-4438-8474-0d70afac807e,2025-06-01T00:55:19.652612
655b9dfd-d785-4fac-b5b4-edf94e5db9f1,False,Vitae recusandae beatae aut tempore architecto.,f69b60e3-74d4-4f0b-be06-9ff54d84a66d,2025-06-01T00:53:19.652612
f8175760-c46a-4fa6-a84a-0f546360fbf5,False,Reprehenderit delectus tempora eveniet esse fuga provident.,97334f1d-e559-45c4-ae39-a75e2f055687,2025-06-01T00:54:19.652612
11410eaf-3390-4051-a47f-8659f338d067,False,Aspernatur iusto commodi ut.,ec3320a9-69eb-480a-89cc-3ea03f271a1e,2025-06-01T01:07:19.652612
8541d443-46dd-408a-a4af-df60551fc066,False,Laboriosam dolorem animi optio odit.,4191b578-4181-4904-8aa2-91b7c9391ea8,2025-06-01T01:09:19.652612
46cdeec9-48aa-488c-9e16-55e34ceb1ae2,False,Maiores accusantium eum dolorem amet.,eac44f58-fbd2-4042-bb9d-b6a317f538e7,2025-06-01T01:08:19.652612
d9ee788a-c122-4710-927d-dbe4d6b37e8e,False,Nostrum vero autem ea sit dolore animi quae.,c799ebce-6aa5-4cde-90a4-b38e603947cb,2025-06-01T01:05:19.652612
22f8edb6-122a-4166-b9eb-215e74af4971,False,Perferendis illo aspernatur commodi fugiat cupiditate.,5ecf6353-f300-45db-b30c-01edc66c3b26,2025-06-01T01:24:19.652612
81f677f6-9ce8-44ce-b5aa-3697df0b40c3,False,At deserunt pariatur omnis exercitationem voluptatum.,d96ab3b7-7e0e-4501-b44b-31c132a34bd3,2025-06-01T01:12:19.652612
35822add-5d17-46d6-bfc8-74a33f70da34,False,Neque itaque error commodi vitae mollitia delectus.,e492f7e6-295d-42c4-8881-7ff94a725533,2025-06-01T00:54:19.652612
dcb2fdb8-dc09-41af-8952-95f070d41280,False,Alias error consectetur quia.,9cbb24cd-cecd-4a85-ae6b-d3bbee01570f,2025-06-01T01:03:19.652612
33bef601-ba3a-46e0-ac1a-0e2e7ee88813,False,Corporis in dolore error quasi.,47fa3bb8-3dba-4f84-b70d-5511ea7a51b5,2025-06-01T00:56:19.652612
c03e57b8-13f5-47ef-856e-e24707651175,False,Inventore accusantium modi quaerat amet expedita.,fee75ce3-2840-4715-ad14-73aa3be68876,2025-06-01T00:56:19.652612
9bdfe41b-5583-426c-af65-0659633d2ef6,False,Distinctio nostrum eligendi placeat officia.,097cb2f6-bc8e-4ad5-927f-7a25a23f61f3,2025-06-01T01:14:19.652612
11c2ee21-7304-42e1-a8de-213ac9ab918f,False,Ea nostrum atque occaecati.,a4e35730-eb2f-4717-b7a6-22eb355364ab,2025-06-01T00:51:19.652612
7a28e37b-f2ea-4669-8e24-3e08b2f0158d,False,Doloremque perferendis vero occaecati a.,3e9fd66d-02e4-48a1-807c-483ea7130da4,2025-06-01T01:18:19.652612
4cf73151-c674-4c78-ab89-b4d9ca7a0cbe,False,Nemo dicta minus porro dolorem exercitationem.,30cb274b-af31-4613-bc4d-f42d1979f794,2025-06-01T01:04:19.652612
d8c22d3e-3e87-480e-9c16-2a6086304d02,False,Quisquam molestias corporis beatae natus.,91f57baa-634f-48f7-83f1-af9839669040,2025-06-01T00:59:19.652612
2e64cb8d-3b56-48b7-951f-71b279f39429,False,Iure modi quidem consequatur qui distinctio odio incidunt.,677eceaa-cd6d-4ed4-9d6a-49f78f08d55e,2025-06-01T01:11:19.652612
76d134c2-7e0e-4cc5-af75-40fb50312c8c,False,Sint illum officiis sequi assumenda exercitationem magnam.,b2d82549-0531-4228-8f35-4e6709cec415,2025-06-01T01:04:19.652612
fecf82f0-3b31-4222-80b0-de6d61d98e93,False,Nisi laudantium voluptatum ducimus perferendis.,345ec977-4bf5-47dd-886e-0fb2cc1e7acc,2025-06-01T01:14:19.652612
7aba61fe-c024-44bb-b507-14e76576ac2c,False,Reprehenderit autem facilis nemo laboriosam eveniet assumenda.,8b14115f-904b-436a-bc8d-60a2276d3d70,2025-06-01T01:17:19.652612
c81b54bd-7bfb-4c13-abcb-dd7d280ed115,False,Voluptate corrupti deserunt fugit.,f0a163c3-7b25-4e1f-ab72-faabc5039b26,2025-06-01T01:15:19.652612
d28db12e-04c4-4b04-8b0f-741329269786,False,Exercitationem enim sed.,0843a809-9f88-4b65-88e0-c78db5c72b78,2025-06-01T00:57:19.652612
d1986402-1751-4c01-81ee-3066c11aae09,False,Quas et dolore eaque expedita molestiae.,c850b468-b051-48a3-8b0a-798e21169f83,2025-06-01T00:57:19.652612
20c92d1b-c205-42a2-8fc3-a06487c1b65b,False,Blanditiis suscipit totam dignissimos dolorem deserunt officia.,ec25a13a-fac0-450d-9325-cfc945d2de04,2025-06-01T01:21:19.652612
b28d1f93-1b2b-4bcf-bcdd-34a066a15d56,False,A officiis pariatur soluta vitae dignissimos minus.,6adc4bfe-b98e-4994-8b49-0dd5c0728a3a,2025-06-01T01:09:19.652612
47db194a-32b3-449f-b81a-e65c567eaa0a,False,Magnam a impedit deserunt dolore.,f0e3c66b-8fd0-4f71-a396-241df9502712,2025-06-01T00:57:19.652612
02f4180d-82e0-4dc0-bb06-381e5d34d1f5,False,Veniam beatae at porro voluptas earum ipsa repellendus.,aaee9314-0d15-4d56-8eb8-232a541a2ebe,2025-06-01T00:59:19.652612
6b983687-1823-447e-9834-e1581aeb617b,False,Eius molestiae ullam dolores neque.,cae72d84-2447-41d9-bd0f-c209c3d5c2be,2025-06-01T01:11:19.652612
8eb41c09-89ce-4764-8ad9-24a4f4f71fac,False,Molestiae quis quam dolores expedita soluta nesciunt.,1753ae81-2aef-4944-aa85-27ba436b3c6e,2025-06-01T00:57:19.652612
070d7996-3ba4-4418-920c-201bd8a26c32,False,Voluptas sunt laborum iure alias veritatis ratione.,ab73797a-a0e2-4e27-933a-382ad1960415,2025-06-01T01:05:19.652612
f8d85212-87ed-4042-b7de-00efeb316f94,False,Eligendi eligendi officia voluptates molestias.,00f2064c-8561-49fd-b999-160a360f3215,2025-06-01T01:16:19.652612
db21a8ca-e092-4b2d-a1d3-0ba804e0012d,False,Minima iste mollitia harum maxime.,c2a7be29-5088-4402-a4ce-9a1b2bbf7ff5,2025-06-01T00:50:19.652612
5e86c42d-1aa1-48ec-87ee-3ec181dd377c,False,Cupiditate est nulla error dolores quia quia ab.,21d98432-0ba5-4855-b7e0-199d67c49934,2025-06-01T00:56:19.652612
940273ab-91b1-4809-9b90-0b92e8a7a8fa,False,Animi neque repellendus similique neque explicabo numquam.,06a4b920-2d83-452e-ac4a-961ba0dc0425,2025-06-01T01:00:19.652612
6803810c-f4a7-41ce-aefd-4051820ea979,False,Omnis aspernatur molestiae repudiandae veniam dolor.,8638df49-1364-41a7-ba79-e6643e912ca4,2025-06-01T01:27:19.652612
23ef2845-619e-4c6e-b59b-66fd01c2c53b,False,Fugiat doloremque atque eveniet adipisci.,fe785419-0c78-4bc1-a7aa-2cc6eaaf567c,2025-06-01T00:54:19.652612
06b508dc-c0a3-4ab4-b480-b422e87ee040,False,Magni perspiciatis corrupti odio cupiditate omnis.,b961b5f3-df31-4687-8da8-c4fd9f5c15f5,2025-06-01T00:46:19.652612
6ac3d63d-6ac8-4c1f-a64c-a68e6549406b,False,Tempore harum eos rerum delectus a itaque.,786cdb53-b307-4b3e-b14e-10de302c3b70,2025-06-01T01:21:19.652612
fe538a90-905c-45b9-b8e6-a8e940e88b23,False,Ducimus eius laudantium odio debitis.,fee75ce3-2840-4715-ad14-73aa3be68876,2025-06-01T00:56:19.652612
ffac1528-acca-4849-833e-7ac0fee4cb33,False,Nihil quisquam assumenda iste.,4a3bdf88-e320-49f7-af29-07e528ac40fe,2025-06-01T00:47:19.652612
0c4241e7-26d6-49f6-b143-6c9b2c0096ee,False,Iste at velit sunt labore incidunt quaerat.,4a3bdf88-e320-49f7-af29-07e528ac40fe,2025-06-01T00:51:19.652612
da8da5d8-8132-4a64-aa4d-77b64b6625ad,True,Commodi repellendus soluta ratione eos.,9008db7e-b3f1-4a5b-bcfe-817040584a07,2025-06-01T00:36:19.652612
5c58a4dd-664c-4412-b3ae-d848cd227d86,False,Illo libero iste sed quia quidem.,13f36ba8-2e3e-4280-8fd5-62aaea9a6e2b,2025-06-01T01:25:19.652612
fec091d8-4493-4cef-87cf-86b300fb9ffb,False,Neque suscipit architecto error quidem et.,91f57baa-634f-48f7-83f1-af9839669040,2025-06-01T00:52:19.652612
1fd852ff-7eeb-4b06-bbf0-38ef2ebe256d,False,Perspiciatis eaque porro suscipit quis modi exercitationem laboriosam.,b14ea5f3-7d91-4262-aff6-6b8f19576ae3,2025-06-01T01:37:19.652612
ec896fdb-1c6e-48dc-b09c-cbb46eb15955,False,Non assumenda pariatur illo voluptates tenetur ullam possimus.,ffc91a76-fbdb-464a-86b0-0ec6c5667748,2025-06-01T01:01:19.652612
97985052-2f12-404e-908c-1a998fbf5a61,False,Suscipit nulla iure commodi harum eligendi eos.,7b134324-922a-4fae-86a7-319a57682196,2025-06-01T01:04:19.652612
555cae75-3613-4a55-9d9e-1d4692b831e2,True,Quaerat officiis aut dignissimos asperiores iure.,f0e3c66b-8fd0-4f71-a396-241df9502712,2025-06-01T01:08:19.652612
214be777-6579-42d6-b5c8-a40f103dc4d9,False,Eum cumque magni.,e1cd2056-ddc1-4203-9d6d-911eee509c13,2025-06-01T01:23:19.652612
7530ab03-81b3-4d45-94cd-bfd110a68108,False,Dolores impedit corrupti sapiente cumque.,30cb274b-af31-4613-bc4d-f42d1979f794,2025-06-01T01:07:19.652612
acf9cf2b-f513-45c7-a457-0ec040c323b6,False,Adipisci pariatur fugiat itaque mollitia.,68c88b9a-9e4c-46c2-9a9f-f9b852b1c254,2025-06-01T01:21:19.652612
6f33f01b-10a2-464f-8058-94fa99543ea3,False,Laborum eligendi temporibus necessitatibus labore occaecati.,9672bd1d-ca59-4099-8c8a-d0eb84334b04,2025-06-01T01:16:19.652612
6c73da94-f111-463d-b966-6d14b23659a0,False,Eaque quidem facilis at.,d96ab3b7-7e0e-4501-b44b-31c132a34bd3,2025-06-01T01:23:19.652612
1ae299fe-ed88-497e-ad4b-951f3c6fdfd2,False,Dolores beatae eveniet possimus.,bfb25689-14f7-4d4c-9ab0-22f1b7c2ece5,2025-06-01T01:15:19.652612
6a92d635-e040-4ffe-a6d6-862e028315c7,False,Corrupti numquam cumque delectus explicabo maxime mollitia tenetur.,9cbb24cd-cecd-4a85-ae6b-d3bbee01570f,2025-06-01T01:06:19.652612
20e8aa8b-287a-49b1-bba3-11156ec6b51a,False,Quas saepe minus.,b18eec02-bd97-44e5-8ff6-8a14cc9e7bf6,2025-06-01T00:58:19.652612
7e323c4e-4ac3-482a-8933-916d4f4d24d5,False,Eius aliquid quam officiis voluptatem.,af269a52-7199-4e6e-9c24-3069044f6806,2025-06-01T01:33:19.652612
61c5c711-6e4b-4079-a2b8-e77046a31f0f,False,Iusto molestias soluta.,340d4655-9af1-4438-8474-0d70afac807e,2025-06-01T00:47:19.652612
faa5e954-5e9b-4171-ad77-c68292bd52a3,False,Vitae illum eos vitae quis excepturi fuga.,69bc38d4-e4aa-4330-ad1b-8d7ac9adf282,2025-06-01T00:56:19.652612
90efe244-492e-40c0-bffb-b3a6c901c760,False,Cupiditate nemo ratione beatae tenetur rem.,c9bdb678-c5b2-4004-b813-68b4745942ca,2025-06-01T01:18:19.652612
b0e24ada-ce48-4eea-8848-fd8e8b2c8bdd,False,Quaerat animi asperiores neque architecto molestiae aut.,221bac78-7ec4-4166-972a-6ed942a63279,2025-06-01T00:54:19.652612
a134c460-e0f1-47a9-90c5-d624edf8c3e1,False,Possimus laboriosam hic nisi perspiciatis.,0190be6c-bcc5-4c09-b46d-e3fc91706dfe,2025-06-01T01:18:19.652612
aaa6b194-15be-4ee9-8075-3ff23e606b0b,False,Velit nemo facere nisi vero.,45473c0d-fd92-4c53-8362-41e73a7101d4,2025-06-01T01:01:19.652612
454b09b5-810b-495c-82f6-92bfedc9e79d,False,Provident qui cum.,2855ed30-46d5-4879-8e19-8bdde8e4955e,2025-06-01T01:16:19.652612
dd16f479-d81b-4353-83bf-bfa2fd7cba46,False,Facere repellendus eligendi.,d71c9716-af16-48e3-a010-6d3d0f8ba63e,2025-06-01T00:57:19.652612
78a216f1-8c6b-4c4c-a4b0-afaa539baf9b,False,Ipsum fuga alias natus quas id nesciunt.,e21dded0-b457-4525-acb7-11842f4bedfe,2025-06-01T01:18:19.652612
62131de7-c52f-4d5d-85a2-623019e38f8e,False,Nihil voluptas unde sit odio.,4fd1d128-a869-428b-b219-bfbe0f301bee,2025-06-01T01:11:19.652612
c664bb72-0353-44e3-8abb-f8fabef04d72,False,Quae nemo labore dolorem suscipit sunt fuga.,8547d8db-fc49-4612-ac0c-9d4546260149,2025-06-01T00:33:19.652612
57a30100-27bf-4e8e-98a9-c569fe57079c,False,Eveniet tempore dolorum veritatis tenetur at exercitationem eveniet.,497349d1-0102-47bf-8a33-25c239530ea5,2025-06-01T01:04:19.652612
eaabc88b-d126-4726-956b-badf2b352f30,False,Culpa ipsa expedita quidem voluptas ipsum.,c2a7be29-5088-4402-a4ce-9a1b2bbf7ff5,2025-06-01T01:16:19.652612
6a090c0a-311f-4c77-849a-0ca5e48634a1,False,Amet quam tempora quasi accusantium modi.,13f36ba8-2e3e-4280-8fd5-62aaea9a6e2b,2025-06-01T00:54:19.652612
286217a6-7c29-421d-8d87-e5791181dc1a,False,Ab velit aliquid saepe.,70e33cf5-b109-4662-9262-4cbd45a4d0cd,2025-06-01T00:45:19.652612
20fa1d1f-b03d-4974-8095-e82039497e4e,False,Blanditiis sit error vel ipsam.,61c01d60-89cc-4372-9151-fc7820a42a08,2025-06-01T01:40:19.652612
b0d9439f-2fcd-4bed-8648-86f6d65a82fe,False,Vitae corporis odio dolorem et.,9672bd1d-ca59-4099-8c8a-d0eb84334b04,2025-06-01T01:12:19.652612
e793802b-9570-4574-a4fe-87ba6bba70aa,False,At commodi repudiandae.,345ec977-4bf5-47dd-886e-0fb2cc1e7acc,2025-06-01T00:59:19.652612
7294fd92-104d-4a68-bae7-3d678c9049ab,False,Id odit explicabo commodi modi ducimus.,2ad8c2fd-4258-4dd1-aff6-9b3ebc320af0,2025-06-01T01:03:19.652612
88227de4-c896-49c7-aeec-681cd30c2ff0,False,Illum repellat quasi ab laudantium nesciunt.,d2a4a449-9a1c-43ea-8f0e-89fd2177d4a5,2025-06-01T01:03:19.652612
e232b6d9-38ce-4aa6-9dbb-7cfb0acb53a1,False,Consequuntur ex fugiat temporibus libero praesentium.,2d7b3c59-c8f4-49d8-8bf0-0b06b195e5bb,2025-06-01T00:43:19.652612
9c97db2c-e251-4b0d-8c3a-6749577d1886,False,Atque modi suscipit.,824658e2-b1e0-438d-9860-afb580e69ac8,2025-06-01T01:21:19.652612
a82ea8bc-0d28-4f58-a13f-cd8e64ff1305,False,Dolore ea delectus corporis mollitia temporibus impedit.,ec3320a9-69eb-480a-89cc-3ea03f271a1e,2025-06-01T01:28:19.652612
71fbe841-6d80-4d1d-9c16-7dc3b82208fb,False,Tempore sapiente minus aperiam.,f8e77acc-0671-43f6-a97a-203d592f9d13,2025-06-01T01:37:19.652612
4022d7d6-dfee-4f28-8e48-e71cf6bb481e,False,Dicta aspernatur harum accusantium debitis dolor.,f8e77acc-0671-43f6-a97a-203d592f9d13,2025-06-01T01:02:19.652612
d21e3aaf-e745-4a4b-9256-5236756d18c2,False,Fuga blanditiis iusto officia.,3940ac26-5d3b-438a-bc04-a8745801694c,2025-06-01T00:47:19.652612
bbf2b3a7-e13d-45f9-bbf8-322af7e499a3,False,Saepe nulla cum non nihil fugiat.,b6491079-787c-4e13-b909-2ab7303d55cc,2025-06-01T01:00:19.652612
61af68fc-21f7-4428-af6c-437e7e87d3e4,False,Molestiae nostrum accusantium amet rerum blanditiis aut voluptatibus.,fe785419-0c78-4bc1-a7aa-2cc6eaaf567c,2025-06-01T01:03:19.652612
eef2bb72-d6d8-4c36-af6f-d99d0efd75de,False,Debitis dicta a magnam debitis ipsam ipsa.,d5ee2479-474a-4d9b-9ae6-dc470a67befb,2025-06-01T01:09:19.652612
6ef45c23-87c5-4f90-9250-6827d0a143bd,False,Saepe necessitatibus necessitatibus sunt quam illum temporibus.,3dc74b99-91cf-4827-8c59-88a9cd9d3156,2025-06-01T00:57:19.652612
98d1f65c-1535-42f8-beff-2b64557513bc,False,Qui repellat corporis libero harum porro nam.,a193acd6-7ce0-4d77-9fc5-259d9a80c79a,2025-06-01T01:02:19.652612
73cbdf93-01a8-484e-8f82-53dea1e94ccc,False,Aspernatur eos libero quos fugiat itaque aperiam.,c799ebce-6aa5-4cde-90a4-b38e603947cb,2025-06-01T01:34:19.652612
f2fe03cf-cde9-4ad9-a5ad-e95f32b6a632,False,Rerum error minima.,26a8ed80-550b-421b-92bd-450710d38016,2025-06-01T00:57:19.652612
ffeedcdf-cec0-4f12-87f1-3ac8e1e53bcc,False,Minima nisi architecto velit autem saepe.,e1e13edc-4276-4517-9cb2-c60e686f9bac,2025-06-01T01:03:19.652612
37c2d091-fa3f-403c-a067-a3d82b18faf7,False,Sint culpa et ratione optio architecto id.,6c729ce4-2484-4722-b114-cd862cb6e2f2,2025-06-01T01:15:19.652612
cad982f2-af4c-443f-bf4d-be75f20d745f,False,Laboriosam sunt iste similique.,b36f37d4-27bf-456a-b435-c0092e868660,2025-06-01T01:29:19.652612
a8efe61a-8485-457e-94c5-0b48b057288b,False,Nemo aspernatur magnam aut earum sint.,1758b530-cb28-4b41-8fc5-ee8443200dd7,2025-06-01T01:13:19.652612
c646a60a-0c6d-4bd3-bd9d-3a175e81b38a,False,Totam maiores eaque non nihil.,64269380-ee4f-4d64-ba8d-dfc7f6b7bf44,2025-06-01T00:38:19.652612
4a322043-8b28-4b2e-9adf-5833f4718e6b,False,Ea veniam quasi.,a4e35730-eb2f-4717-b7a6-22eb355364ab,2025-06-01T01:03:19.652612
efc4a10c-bc43-4308-ac51-607d32a1f0b7,True,Sapiente quaerat odio vero.,b759050f-accc-49b1-95f9-be7a930aae8b,2025-06-01T01:09:19.652612
d2aa5860-274d-4963-8d94-fed33195ae60,True,Accusantium totam voluptatibus maiores cupiditate quaerat.,ec25a13a-fac0-450d-9325-cfc945d2de04,2025-06-01T01:01:19.652612
2c30b140-2321-434c-b8b2-5b5169681973,False,Saepe et accusantium eum accusantium dicta laudantium.,313e74c9-c15f-48ce-9c3c-8fe0bab3dade,2025-06-01T01:12:19.652612
e977690e-a311-409b-9073-1667ba1ac433,False,Labore maxime culpa laborum.,f8083d2b-3f83-4840-af36-ce810673eea7,2025-06-01T00:44:19.652612
7390a65b-6ce0-438e-b701-afd953bb73ea,False,Nesciunt velit quod rem.,60d7a539-4cba-4024-978f-1f385bbccd4d,2025-06-01T00:42:19.652612
a0187fc4-431b-47c2-8b35-0389816eefd4,False,Deleniti ipsum sunt eos adipisci expedita.,1dbac2d5-5649-4985-992e-7dce91bde3ec,2025-06-01T00:58:19.652612
197ced67-9eb1-449b-971b-0f11d32df92d,False,Qui beatae earum ratione doloribus veniam eligendi.,f8083d2b-3f83-4840-af36-ce810673eea7,2025-06-01T01:02:19.652612
caf86483-f119-4da6-a83e-3fdc743ab983,False,Occaecati consequatur qui aut harum.,01a42953-dd6e-4aea-aa83-bb676a69cfb8,2025-06-01T01:04:19.652612
6840b09d-b4c8-4c8c-be7f-805667146b99,False,Consectetur eligendi veritatis.,c3cd6440-2169-4e9a-9ccc-62674641248e,2025-06-01T01:07:19.652612
e9b0d88d-85fa-4228-9e32-4802737aead5,False,Excepturi deserunt temporibus esse delectus a odio.,78fc512d-a1ea-4d3f-b107-4e302ac4187d,2025-06-01T00:53:19.652612
970059be-d4f0-4fa6-bcf6-aa229341fc1a,False,Sequi nihil aliquid necessitatibus.,c1ce271d-30ce-4197-beb0-e38ac09d0579,2025-06-01T01:05:19.652612
175c9af6-e7d0-4e5d-b8fa-f57eed23c4d6,False,Animi modi repellat illum tenetur occaecati esse.,4a3bdf88-e320-49f7-af29-07e528ac40fe,2025-06-01T01:24:19.652612
e33ee238-8703-4a07-8c57-afc259dc3169,False,Sed tempora ipsum earum magni.,176b87d7-0bf5-464c-9de4-4c795f0ef336,2025-06-01T01:22:19.652612
baac19c2-7d63-4274-9640-044b6b43c283,False,Neque quaerat quis dolorem.,ac356e7f-d481-4806-8bb5-c4eb89cf58f7,2025-06-01T01:01:19.652612
9528992f-05b3-4fa0-9508-e0569fa6bdc9,False,Esse aut reprehenderit nam.,af7f1481-56f8-404d-9cc9-9c4127de250e,2025-06-01T00:47:19.652612
c058bebb-0dc2-434c-bc89-25df4bdf742c,False,Maiores officiis a perferendis provident saepe id quisquam.,e492f7e6-295d-42c4-8881-7ff94a725533,2025-06-01T01:34:19.652612
ce94d039-f3a2-4e63-9266-46591d4dce20,False,Voluptatum perferendis magnam nulla recusandae blanditiis debitis.,89aa59de-c742-4c9d-b70b-9d84775118ef,2025-06-01T00:52:19.652612
39cfd63f-5df5-4fa4-8d75-e23a02576f68,False,Aperiam rerum ea cumque praesentium.,645067ab-7f47-43d9-a1fb-2fc26e734a8a,2025-06-01T01:12:19.652612
b63a0571-6f8b-4e33-b79e-dfa21b2918dc,False,Modi ad repellendus consequatur reiciendis unde rerum.,55903055-7cfd-4b08-937c-71d02ab562c6,2025-06-01T01:04:19.652612
69079f42-411e-4b77-ace7-7aed7af40ea8,False,Natus molestias fugit ipsum accusantium.,b75dc761-d43d-411a-8c59-eb6861403b40,2025-06-01T00:48:19.652612
80eac96c-8a24-4ac1-b9e4-dda8431bc7f7,False,Eveniet nemo odit.,22fe8ba1-a6e4-417b-9240-ac3db7e09d78,2025-06-01T01:41:19.652612
93a27441-4954-4ff8-b487-a8cf499f2bf7,False,Pariatur dignissimos deserunt voluptate iure excepturi odio.,26a8ed80-550b-421b-92bd-450710d38016,2025-06-01T00:58:19.652612
d0829990-d99c-4bb9-b2dd-8a56fcc2d9ed,False,Laborum dolor ipsum.,8547d8db-fc49-4612-ac0c-9d4546260149,2025-06-01T01:22:19.652612
0d2c9b3f-c918-4ed9-bfad-cb470abbaaae,False,Magni quisquam laboriosam repudiandae tempore quam.,b867cc68-bc9a-461d-90ff-f39ccdff78ab,2025-06-01T01:09:19.652612
e8d2e02b-b378-442b-b053-2841d6743c96,False,Modi suscipit cumque temporibus corrupti.,dd2908f0-43ca-459f-9bd2-8c6791b97d77,2025-06-01T01:04:19.652612
249e85bc-1598-4334-867d-964cbcd8b74b,False,Fugiat rerum atque aspernatur nam beatae excepturi.,27702c58-284b-462d-ae22-11354d2fc9cd,2025-06-01T01:11:19.652612
0a893d8f-a36d-4235-af8a-d0b8fcb0d2bb,False,Adipisci occaecati soluta quam sapiente libero dolorem.,89aa59de-c742-4c9d-b70b-9d84775118ef,2025-06-01T00:41:19.652612
cc8c4cea-341b-4170-8c74-184203698a76,False,Veniam deserunt quos quas.,47fa3bb8-3dba-4f84-b70d-5511ea7a51b5,2025-06-01T00:54:19.652612
10f93b5a-5981-4fd8-8c0c-9ef3837819bc,False,Quo sunt repudiandae veniam.,6fed4398-e805-4dfc-8af8-350ba1187ce7,2025-06-01T01:15:19.652612
af0dd069-f333-44c4-9b8e-90edb04902d7,False,Deleniti distinctio amet totam.,7b134324-922a-4fae-86a7-319a57682196,2025-06-01T01:16:19.652612
69d25927-402e-4247-98de-e4e9f4b8d73f,False,Soluta quibusdam debitis quas sequi ex.,ab245e77-dbb0-4c8a-887b-34d188a6d2c0,2025-06-01T01:02:19.652612
131ea1cd-24e3-4c4f-9456-60c6116959dc,False,Veniam possimus rerum nulla ratione nobis.,1753ae81-2aef-4944-aa85-27ba436b3c6e,2025-06-01T00:42:19.652612
05a1d959-d0c4-471e-9f41-752e099f2fba,False,Impedit eum qui ex provident voluptates.,3e9fd66d-02e4-48a1-807c-483ea7130da4,2025-06-01T00:56:19.652612
3261343d-1399-4656-bed8-2e92f3379b17,False,Totam ut officiis sapiente suscipit.,429bd7fb-b7a0-4390-8e0a-03e3ba597a16,2025-06-01T00:42:19.652612
3771d6dd-8f71-4c27-b31b-8521cae67a58,False,Animi nesciunt blanditiis natus alias delectus voluptates earum.,37da15e5-d690-4c14-98e6-ae918f2266c0,2025-06-01T00:43:19.652612
ce072935-dfb8-4429-b891-6374eda27640,False,Totam atque odio eius officiis.,f8083d2b-3f83-4840-af36-ce810673eea7,2025-06-01T00:53:19.652612
b60cfb6a-7062-4513-aefb-2f9e6fd4e346,False,Fugiat sint dolore voluptates.,3c0c078f-a7e7-4e71-beb9-924c6bb676b5,2025-06-01T01:15:19.652612
bc384b50-4b4f-4af6-a9c0-a5a2629617ef,False,Dicta deleniti impedit quos minima occaecati alias.,f1b27759-9dbc-473c-a6ab-8d4c2e132b11,2025-06-01T00:42:19.652612
0e7819f9-e643-4a23-852e-926fa157ec0d,False,Aspernatur eveniet natus cum.,b867cc68-bc9a-461d-90ff-f39ccdff78ab,2025-06-01T01:04:19.652612
4c44c9c0-52af-4244-a9e0-5846b03e62c4,False,Iure voluptatibus quia qui natus voluptates minima.,3c0c078f-a7e7-4e71-beb9-924c6bb676b5,2025-06-01T01:28:19.652612
4197309c-7048-42ad-af45-9aecf2583ce1,False,Sed eum neque quod maiores quas.,a9ecb8c3-40d0-4761-8773-93f5fa62ab9e,2025-06-01T01:23:19.652612
ec8ba184-3f3e-445e-930c-c3ddf570c5b2,False,Inventore atque voluptate cumque rerum.,70d573f4-c60d-4f10-b1bf-06c473782203,2025-06-01T01:10:19.652612
31c08c9e-c860-4747-bae6-eeafdd8e87ca,False,Quasi aspernatur minus facere.,e39b5846-e8cf-4d74-811a-04f5d5e9c89d,2025-06-01T00:49:19.652612
1d03f1bd-e1ab-4126-931d-09e17a03be19,False,Similique optio iusto.,3e9fd66d-02e4-48a1-807c-483ea7130da4,2025-06-01T01:02:19.652612
2869734f-13ab-48bf-aaef-987a5a4999f3,False,Minima maxime corporis iure id sint non.,2855ed30-46d5-4879-8e19-8bdde8e4955e,2025-06-01T00:55:19.652612
9488be5f-baa0-4ac8-b3c2-29fd3805b34c,False,Unde ad reiciendis eius velit aperiam.,ab73797a-a0e2-4e27-933a-382ad1960415,2025-06-01T01:20:19.652612
d3f3b484-c96b-4809-8ba9-e95830f71b00,False,Delectus sunt minus optio et nam.,8d347fcd-6150-420f-b677-55fca7d6c3be,2025-06-01T01:02:19.652612
bb5318b8-1642-43ba-8fdb-a89c21506b3d,False,Eos illo earum quia.,d5674a35-da4f-4590-996e-99e6736260d3,2025-06-01T01:15:19.652612
7dfc694c-880f-4839-8d45-0728bbbf1dda,False,Esse magni voluptatum tempore nihil.,5ecf6353-f300-45db-b30c-01edc66c3b26,2025-06-01T01:07:19.652612
9bae556d-5add-45c0-941a-0566a114f0a1,False,Fugiat laborum esse suscipit eveniet inventore.,2cadcbfb-44c2-4601-abc0-52fbb7e5a61a,2025-06-01T00:59:19.652612
71f4b41c-0da7-44fa-b2af-c7682aa5c32d,False,Architecto laboriosam nihil culpa praesentium.,99adc527-ee60-4295-b370-bfe4e910fe22,2025-06-01T01:13:19.652612
dddf9c44-1b3b-4a02-a086-6c5a1ba5950d,False,Numquam quidem consequuntur.,2aa21b82-d67d-470d-bee8-30a139eab0e5,2025-06-01T01:03:19.652612
0a66c88a-a99b-4ba0-94c7-243b56b153e4,False,Laborum natus tenetur alias ipsa quaerat.,ec25a13a-fac0-450d-9325-cfc945d2de04,2025-06-01T01:13:19.652612
3d57e61e-0767-48e9-b5ef-e969ceb85dc8,False,Repellendus ratione facere.,bcc1cb8b-7773-4848-b48e-616405d6af9e,2025-06-01T00:59:19.652612
a4f79c35-db8f-4142-bd33-588923e5da3d,False,Ipsa est reprehenderit iure optio voluptatem cumque voluptatibus.,4425e250-3f5f-40c0-a45d-ef7b396b0ba2,2025-06-01T01:18:19.652612
0f327c1b-3565-4167-beba-589dfcfd507a,False,Optio eos dolore et eveniet id fuga.,342d1d68-52bd-4301-840e-40702f66d9b0,2025-06-01T01:05:19.652612
fd33d0a9-c58d-49f5-9a46-de1cb0d096c1,False,Sapiente quis alias debitis.,786cdb53-b307-4b3e-b14e-10de302c3b70,2025-06-01T01:29:19.652612
55501468-be30-41b7-9381-4a313a1ccf10,False,Quas sed eos pariatur eius id nisi expedita.,345ec977-4bf5-47dd-886e-0fb2cc1e7acc,2025-06-01T01:06:19.652612
9363675f-3a0f-459d-b1c6-bada64704696,False,Incidunt illum quia tempora animi fuga.,1aee7c47-fefe-4906-a355-b6e72117fef4,2025-06-01T01:01:19.652612
57d1de8a-c04d-4533-9e05-a22ad1d88115,False,Laboriosam velit tenetur non.,1753ae81-2aef-4944-aa85-27ba436b3c6e,2025-06-01T00:55:19.652612
986ebf2a-cccf-4365-82e0-de2b175e9549,False,Error porro minus officia.,12336382-cece-40b0-b424-74803238b7ed,2025-06-01T00:50:19.652612
dbde97ad-6e7e-4907-87cf-f8643f66450d,False,Neque nostrum exercitationem beatae eaque sit.,f66d52fa-fe6e-4b2b-a1f2-6326a800b286,2025-06-01T01:23:19.652612
e5f9844d-f191-47f7-8f0d-64a964978cb6,False,Soluta blanditiis accusantium qui.,e492f7e6-295d-42c4-8881-7ff94a725533,2025-06-01T00:59:19.652612
c9aa34c4-22b5-4677-af3c-aa3d975e5e6f,False,Reprehenderit tenetur pariatur.,e39b5846-e8cf-4d74-811a-04f5d5e9c89d,2025-06-01T01:25:19.652612
749a0a7c-f588-4499-a66a-73aeb1ec8ea6,False,Quae asperiores quae eveniet possimus natus non.,6f875374-0cb7-4c05-bd9b-21064ba0927d,2025-06-01T01:02:19.652612
131bd95b-910e-4e1a-8de7-614600732627,False,Ducimus veritatis eligendi fugit dolorem.,c1ce271d-30ce-4197-beb0-e38ac09d0579,2025-06-01T01:00:19.652612
851781d8-5258-43fc-9593-1aca31bc3e72,False,Sed labore neque.,e21dded0-b457-4525-acb7-11842f4bedfe,2025-06-01T01:09:19.652612
ece8c112-a876-4a33-8697-cd4226a8924d,False,Corporis eaque fugit ratione ducimus voluptatum sit.,668fd4b3-1234-44ff-9d09-70e9c1596871,2025-06-01T01:16:19.652612
014c05cc-b691-4a03-8e6e-da2e31301ab5,False,Vero blanditiis neque laudantium.,3d3ea4c7-d4cd-4afa-a416-bbb8ebefe34b,2025-06-01T01:22:19.652612
6202925f-0d74-4aee-b3ea-0bfd3297dd82,False,At impedit aliquid.,00f2064c-8561-49fd-b999-160a360f3215,2025-06-01T01:40:19.652612
c16929b9-c18f-4104-8c89-dbd85ea18d82,False,Voluptatibus unde ipsam fugiat et sint.,221bac78-7ec4-4166-972a-6ed942a63279,2025-06-01T01:05:19.652612
0630d33d-03b0-49da-a3df-8afb302149b4,False,Ea dolorem cumque alias sapiente facilis fuga quae.,5dc4ffbb-4321-4219-aaf9-f3719ed232cb,2025-06-01T01:22:19.652612
6b801f11-206b-4534-9bcd-25ebb54a8365,False,Iure quae mollitia totam hic similique.,a9ecb8c3-40d0-4761-8773-93f5fa62ab9e,2025-06-01T00:43:19.652612
836658bf-3f93-4e07-a05b-3a38d0c36347,False,Debitis illum sunt officia laboriosam excepturi.,2d7b3c59-c8f4-49d8-8bf0-0b06b195e5bb,2025-06-01T00:57:19.652612
e0ca948e-6c2f-4656-acb0-75eb2e5f74bc,False,Quaerat eveniet occaecati eligendi repellat et.,27dc231e-8207-4cd0-a710-e5d138ef8bc2,2025-06-01T01:19:19.652612
0ae9d25e-1e2f-47e3-a6bd-ddceb05d37d6,False,Distinctio eveniet facilis eos totam sit at.,300dba2f-9e12-463f-b380-aabd716ecd3b,2025-06-01T01:07:19.652612
8fa58619-091f-4418-b109-1d0eb94a2c51,False,Impedit vitae nostrum minus maxime cum eius.,2302ffd7-9fde-4272-a1f0-a03e5ad284e4,2025-06-01T01:08:19.652612
e5ee6c81-97de-4040-a23e-4cdff298e651,False,Inventore dolorem quidem beatae tempora facilis.,5ecf6353-f300-45db-b30c-01edc66c3b26,2025-06-01T01:03:19.652612
1a53c022-38d0-4246-8b5b-8f030d123af8,False,Eveniet occaecati quasi iure iusto.,ac356e7f-d481-4806-8bb5-c4eb89cf58f7,2025-06-01T01:16:19.652612
2e0e8fa0-650e-4d32-a6b6-b6bd18742ef8,False,Laboriosam quibusdam quam tenetur nulla voluptates consequuntur.,0e9a3284-1e76-42e1-9c95-a1a6e41201eb,2025-06-01T00:53:19.652612
c19fb1a2-be9e-41c2-982b-59d0764a05d1,False,Nam saepe adipisci itaque.,fe785419-0c78-4bc1-a7aa-2cc6eaaf567c,2025-06-01T00:55:19.652612
97097e04-7c64-4607-ae82-c81eb41d78c3,True,Similique mollitia culpa tempore.,424d6cd7-bf50-4b26-abe6-259835f10c6e,2025-06-01T00:46:19.652612
19d1af00-f2c5-4c85-8464-3824df1a1487,False,Ipsa veniam consectetur quod quia blanditiis.,bcc1cb8b-7773-4848-b48e-616405d6af9e,2025-06-01T01:04:19.652612
1d5e367d-162b-4fdc-a9d2-c165339c529c,False,Delectus eligendi commodi minima ratione odit tempore.,dd2908f0-43ca-459f-9bd2-8c6791b97d77,2025-06-01T01:00:19.652612
66479bd7-2137-4eb4-9894-53d2cb55eb3d,False,Totam accusantium modi aliquid dolorem distinctio consequatur.,3d12d450-ab72-4396-ae4d-7b4b48ed54aa,2025-06-01T01:03:19.652612
aa2d51e9-16da-49b9-bb3a-29cd3ed8b616,False,Excepturi dicta modi debitis.,91f57baa-634f-48f7-83f1-af9839669040,2025-06-01T00:57:19.652612
5286ea03-c231-4f3f-8cdd-6f8db3b411ba,False,Suscipit esse labore maxime.,90c0cf86-bb80-420c-a271-5e34d6fdbb7e,2025-06-01T00:47:19.652612
84905208-439e-4161-9bf6-e6c3224d1a21,False,Natus eveniet fugiat.,0675298b-f135-4b90-ac9d-1f7919b7cd93,2025-06-01T01:33:19.652612
90d4c39e-676b-480c-b7f1-30e3bdfe16d4,False,Laborum quia itaque deleniti.,73509ad7-c973-4e87-a1a0-7d7cb22e1cbb,2025-06-01T01:16:19.652612
019a0a7f-b4df-40fc-af8b-1af9422f3f65,False,Laudantium tenetur sit tempore unde.,775fdc56-325a-464a-9c7c-3deb15cd1886,2025-06-01T01:00:19.652612
c117d5bb-b126-4da1-89bc-252b29b0aa03,False,At ex distinctio sapiente.,2302ffd7-9fde-4272-a1f0-a03e5ad284e4,2025-06-01T01:06:19.652612
f340d581-717d-48a8-abe2-390b15d151b1,False,Hic totam ad dolorem et facilis.,4ec9990f-2709-4161-943b-d636d21da809,2025-06-01T01:20:19.652612
d3e0c839-1425-49d5-830a-e1c5833910ea,False,Minima quidem possimus sed fugit adipisci quisquam.,c850b468-b051-48a3-8b0a-798e21169f83,2025-06-01T00:57:19.652612
b39532a0-20c1-4f5e-8c06-c3045d6d4efa,False,Eius ab blanditiis fuga.,fc11d5a3-7248-430f-a92d-a910a251e68e,2025-06-01T00:38:19.652612
c7392512-32bb-4655-a23a-18a0ed625c71,False,Minima in labore doloribus veniam ipsam.,958a96fd-df1c-4b2f-af15-eee3f985ede5,2025-06-01T01:04:19.652612
453556b6-c8ed-48fa-b47e-a7d09ae13619,False,Cum fuga recusandae illo ex nisi inventore.,6a4183e8-2150-45aa-b844-cfd8cb2ba6c4,2025-06-01T00:55:19.652612
